Judul;label
 ANALISIS POLA PEMBELIAN KONSUMEN PADA TRANSAKSI PENJUALAN MENGGUNAKAN ALGORITMA APRIORI ;Artificial Intelligance dan Robotik
 PENERAPAN DATA MINING UNTUK ANALISIS POLA PEMBELIAN PRODUK MENGGUNAKAN ALGORITMA APRIORI PADA DATA TRANSAKSI PENJUALAN (Studi Kasus : Koperasi Guru Banjar (KGB)) ;Artificial Intelligance dan Robotik
Aplikasi Deteksi Wajah pada Foto Dijital  dalam Sistem Pengenalan Wajah ;Grafik
Analisis Perbandingan Kompleksitas Algoritma Pengurutan Nilai (Sorting);Database dan Sistim Retrieval Informasi
ANALISIS DAN PERANCANGAN TEKNOLOGI PADA ROBOT SEPAK BOLA ;Artificial Intelligance dan Robotik
"Algoritma Bayesian Network Untuk Simulasi
Prediksi Pemenang PILKADA Menggunakan
MSBNx";Artificial Intelligance dan Robotik
ALGORITMA FP-GROWTH DALAM TEKNIK MARKET BASKET ANALYSIS SPAREPART KOMPUTER PADA JASA SERVIS KOMPUTER (STUDI KASUS : CV. KARYA COMPUTER CENTER);Artificial Intelligance dan Robotik
"Aplikasi Pencarian Bahan Pustaka Di Perpustakaan
Menggunakan Metode Vector Space Model";Database dan Sistim Retrieval Informasi
Algoritma Kohonen dalam Mengubah Citra Graylevel Menjadi Citra Biner;Grafik
"ALGORITMA ROUTING DI LINGKUNGAN JARINGAN GRID MENGGUNAKAN
TEORI GRAF";Algoritma dan Struktur Data
Analisa Data Mining Menggunakan Market Basket Analysis untuk Mengetahui Pola Beli Konsumen ;Artificial Intelligance dan Robotik
ANALISA DESAIN PARALELISASI NEEDLEMEN;Algoritma dan Struktur Data
ANALISA KEBUTUHAN WAKTU PADA PROSES PENYELESAIAN TRAVELING SALESMAN PROBLEM;Database dan Sistim Retrieval Informasi
"ANALISA KLASIFIKASI JENIS POHON MANGGA
BERDASARKAN TEKSTUR DAUN";Grafik
"Presensi Kelas Berbasis Pola Wajah, Senyum dan Wi-Fi Terdekat dengan
Deep Learning";Grafik
Pengolahan Citra Digital Untuk Menghitung Ekstrasi Ciri Greenbean Kopi Robusta Dan Arabika (Studi Kasus: Kopi Temanggung);Grafik
ANALISA OPTIMALISASI BAHASA SQL BERDASARKAN RELATIONAL ALGEBRA PADA KASUS REKAPITULASI MAHASISWA LAYAK WISUDA;Database dan Sistim Retrieval Informasi
ANALISA OPTIMASI BAHASA SQL DENGAN INDEXING PADA KASUS MAHASISWA LAYAK MENERIMA BEASISWA PADA PERGURUAN TINGGI;Database dan Sistim Retrieval Informasi
ANALISA PERANCANGAN APLIKASI PENYANDIAN PESAN PADA EMAIL MENGGUNAKAN ALGORITMA KRIPTOGRAFI BLOWFISH;Algoritma dan Struktur Data
Analisa Performansi Virtualisasi Web Server pada Cloud Computing;Algoritma dan Struktur Data
Analisa Pola Penjualan Obat Menggunakan Algoritma Apriori Pada Apotek Zam-Zam Bogor ;Artificial Intelligance dan Robotik
PENERAPAN ALGORITMA APRIORI UNTUK REKOMENDASI BUKU PADA AMIKOM RESOURCE CENTER;Artificial Intelligance dan Robotik
"ANALISA QUALITY OF SERVICES (QoS) VOICE OVER INTERNET
PROTOCOL (VoIP) DENGAN PROTOKOL H.323 DAN SESSION
INITIAL PROTOCOL (SIP)";Sistim Operasi dan Jaringan
ANALISIS ALGORITMA FP-GROWTH UNTUK REKOMENDASI PRODUK PADA DATA RETAIL PENJUALAN PRODUK KOSMETIK (STUDI KASUS : MT SHOP KELAPA GADING) ;Artificial Intelligance dan Robotik
"Analisa Transaksi Penjualan Obat menggunakan
Algoritma Apriori";Artificial Intelligance dan Robotik
Analisis Algoritma Insertion Sort, Merge Sort Dan Implementasinya Dalam Bahasa Pemrograman C++;Database dan Sistim Retrieval Informasi
Analisis Asosiasi pada Transaksi Obat Menggunakan Data Mining dengan  Algoritma A Priori.;Artificial Intelligance dan Robotik
ANALISIS DAN IMPLEMENTASI CITRA WATERMARKING DENGAN METODE DISCRETE WAVELET TRANSFORM (DWT) ? LIFTING WAVELET TRANSFORM (LWT) DAN SINGULAR VALUE DECOMPOSISITION (SVD);Grafik
"ANALISIS DAN PERANCANGAN BASIS DATA TERDISTRIBUSI DATA
ATRIBUT POLRI DAN PNS PADA POLDA SUMSEL
";Database dan Sistim Retrieval Informasi
Analisis dan Perancangan Sistem Informasi Manajemen Penjadwalan Praktikum MenggunakanAlgoritma Genetika di LaboratoriumFakultas Teknologi PertanianUniversitas Jambi;Database dan Sistim Retrieval Informasi
"Analisis Dan Perancangan Sistem Informasi Pengolahan Data Residen Menggunakan Basis Data Terdistribusi
Mardiah Nasution";Database dan Sistim Retrieval Informasi
Segmentasi Citra Menggunakan Metode Watershed Transform Berdasarkan Image Enhancement Dalam Mendeteksi Embrio Telur;Grafik
ANALISIS DETEKSI TEPI UNTUK MENGIDENTIFIKASI POLA DAUN;Grafik
Analisis Implementasi Low Cost Cluster- High Performance Computing;Algoritma dan Struktur Data
ANALISIS INTENSITAS METODE PENDETEKSIAN TEPI SOBEL  ;Grafik
Komputasi Paralel Menggunakan Nvidia Cuda Untuk Pemodelan 2d Tsunami Aceh Dengan Metode Lattice Boltzmann;Algoritma dan Struktur Data
Analisa Performansi Metode Transisi IPv6 Tunneling 6to4 Pada Jaringan MPLS;Sistim Operasi dan Jaringan
ANALISA PERFORMANSI QOS LAYANAN VIDEO STREAMING PADA JARINGAN MPLS-DIFFSERV DAN MPLS-INTSERV;Sistim Operasi dan Jaringan
ANALISIS QUALITY OF SERVICE ROUTING MPLS OSPF TERHADAP GANGGUAN LINK FAILURE;Sistim Operasi dan Jaringan
"SEGEMENTASI K-MEANS CLUSTERING PADA
CITRA MENGGUNAKAN EKSTRAKSI FITUR
WARNA DAN TEKSTUR";Grafik
"Analisis Probabilitas Gempa Dengan Metode Gaussian dan Besarnya Nilai PGA yang
Berpengaruh di Wilayah Yogyakarta";Algoritma dan Struktur Data
"Analisis Kinerja Protokol Ad Hoc On-Demand Distance Vector (AODV)
dan Fisheye State Routing (FSR) pada Mobile Ad Hoc Network";Sistim Operasi dan Jaringan
ANALISIS KINERJA TEKNOLOGI VIRTUALISASI SERVER (STUDY KASUS : UNIVERSITAS ASAHAN);Sistim Operasi dan Jaringan
"ANALISIS KINERJA VIRTUALISAS SERVER MENGGUNAKAN PROXMOX VE
PADA DISHUB KOMINFO SUMATERA SELATAN";Sistim Operasi dan Jaringan
ANALISIS KOMBINASI METODE CAESAR CIPHER, VERNAM CIPHER, DAN HILL CIPHER DALAM PROSES KRIPTOGRAFI;Algoritma dan Struktur Data
PEMILIHAN KEGIATAN ORGANISASI MAHASISWA MENGGUNAKAN ALGORITMA PROBABILITAS BAYES;Algoritma dan Struktur Data
PENGEMBANGAN JARINGAN LAN DAN WAN DI PUSKESMAS PEMBINA PALEMBANG DENGAN METODE RESEARCH AND DEVELOPMENT;Sistim Operasi dan Jaringan
ANALISIS LIVE FORENSICS UNTUK PERBANDINGAN APLIKASI INSTANT MESSENGER PADA SISTEM OPERASI WINDOWS 10;Sistim Operasi dan Jaringan
ANALISIS LIVE FORENSICS UNTUK PERBANDINGAN KEMANANAN EMAIL PADA SISTEM OPERASI PROPRIETARY;Sistim Operasi dan Jaringan
Performansi Implementasi Paralel OpenMP pada Persamaan Air Dangkal 2D untuk Simulasi Gelombang Runup;Algoritma dan Struktur Data
ANALISIS DAN PENGEMBANGAN JARINGAN WAN PADA GEDUNG BAGIAN LALIN DI DISHUB PEMPROV SUMSEL;Sistim Operasi dan Jaringan
Analisis OverheadServerCloud Infrastructurepada Proxmox VE Hypervisor;Sistim Operasi dan Jaringan
Implementasi Komputasi Paralel GPU pada Algoritme Cellular Automata Menggunakan CUDA;Algoritma dan Struktur Data
"ANALISIS PERBANDINGAN ALGORITMA KRIPTOGRAFI KLASIK
VIGENERE CIPHER DAN ONE TIME PAD";Algoritma dan Struktur Data
"ANALISIS PERBANDINGAN ALGORITMA
BUBBLE SORT, MERGE SORT, DAN QUICK
SORT DALAM PROSES PENGURUTAN
KOMBINASI ANGKA DAN HURUF";Database dan Sistim Retrieval Informasi
"Analisis Komparasi Algoritma Sorting Antara Metode Brute Force dengan
Divide and Conquer";Database dan Sistim Retrieval Informasi
"ANALISIS PERBANDINGAN KINERJA FREENAS DAN
NAS4FREE SEBAGAI SISTEM OPERASI JARINGAN
NETWORK ATTACHED STORAGE (NAS) PADA LOCAL AREA
NETWORK (LAN)";Sistim Operasi dan Jaringan
"Analisis Perbandingan Kinerja Protokol Routing DSDV
dan OLSR Untuk Perubahan Kecepatan Mobilitas pada
Standar IEEE 802.11ah";Sistim Operasi dan Jaringan
Analisis Perbandingan Load Balancing Web Server Tunggal Dengan Web Server Cluster menggunakan Linux Virtual Server;Sistim Operasi dan Jaringan
"Analisis Perbandingan Performasi Protokol Routing
AODV Dan DSR Pada Mobile Ad-Hoc Network
(MANET)";Sistim Operasi dan Jaringan
Analisis performasi protokol zigbee pada jaringan wireless personal area network (WPAN);Sistim Operasi dan Jaringan
ANALISIS PERSEPSI KONSUMEN MENGGUNAKAN METODE IMPORTANCE PERFORMANCE ANALYSIS DAN CUSTOMER SATISFACTION INDEX;Database dan Sistim Retrieval Informasi
ANALISIS POLA PEMBELIAN KONSUMEN PADA TRANSAKSI PENJUALAN MENGGUNAKAN ALGORITMA APRIORI;Artificial Intelligance dan Robotik
Analisis Probabilitas Gempa Dengan Metode Gaussian Dan Besarnya Nilai Peak Ground Acceleration (PGA) Yang Berpengaruh Di Wilayah YOGYAKARTA;Algoritma dan Struktur Data
Analisis proses perkalian matriks paralel menggunakan MPI berbasiskan PC-cluster homegen;Algoritma dan Struktur Data
Analisis Quality of Service pada Jaringan Eoip Tunnel dengan Protokol Routing OSPF dan RIPV2;Sistim Operasi dan Jaringan
Analisis Redistribusi Interior Gateway Protocol dan Eksterior Gateway Protocol;Sistim Operasi dan Jaringan
ANALISIS SENTIMEN TWEET MENGGUNAKAN  BACKPROPAGATION NEURAL NETWORK;Artificial Intelligance dan Robotik
ANALISIS SISTEM KEAMANAN PADA SISTEM OPERASI MICROSOFT WINDOWS, LINUX DAN MACINTOSH;Sistim Operasi dan Jaringan
ANALISIS TEKSTUR PADA CITRA MOTIF BATIK UNTUK KLASIFIKASI MENGGUNAKAN K-NN ;Grafik
ANALISIS TEORI GRAF PADA PERSOALAN KNIGHTÍS TOUR DENGAN J2ME;Database dan Sistim Retrieval Informasi
Paralelisasi Algoritma Uniformization dengan MPI-CUDA;Algoritma dan Struktur Data
"ANALISIS UJI KOMPARASI SISTEM OPERASI PADA
ANDROID DAN BLACKBERRY";Sistim Operasi dan Jaringan
ANALISIS UNJUK KERJA RIPv2 DAN EIGRP DALAM DYNAMIC ROUTING PROTOCOL;Sistim Operasi dan Jaringan
APLIKASI ALGORITMA BELLMAN ? FORD DALAM MEMINIMUMKAN BIAYA OPERASIONAL RUTE PENERBANGAN;Database dan Sistim Retrieval Informasi
APLIKASI ALGORITMA GREEDY PADA PERSOALAN PEWARNAAN GRAF;Database dan Sistim Retrieval Informasi
Aplikasi Deteksi Wajah pada Foto Dijital  dalam Sistem Pengenalan Wajah ;Grafik
APLIKASI ENKRIPSI DATA PADA FILE TEKS DENGAN ALGORITMA RSA (RIVEST SHAMIR ADLEMAN);Algoritma dan Struktur Data
Pembangunan Aplikasi Absensi Memanfaatkan Wifi Dengan Menggunakan Gps Berbasis Android Di Pt. Dinus Cipta Mandiri;Sistim Operasi dan Jaringan
APLIKASI JARINGAN SYARAF TIRUAN SEBAGAI METODE ALTERNATIF PRAKIRAAN BEBAN JANGKA PENDEK;Artificial Intelligance dan Robotik
APLIKASI JARINGAN SYARAF TIRUAN UNTUK MERAMALKAN BEBAN PEMAKAIAN AIR PADA PDAM KOTA BANDUNG;Artificial Intelligance dan Robotik
"APLIKASI KAMUS BAHASA BETAWI BERBASIS ANDROID MENGGUNAKAN
METODE SEQUENCIAL SEARCH
";Database dan Sistim Retrieval Informasi
Aplikasi Kamus Bahasa Daerah Serawai Menggunakan Algoritma Bubble Sort dan Voice Recognition Berbasis Android;Database dan Sistim Retrieval Informasi
Aplikasi Kamus Bahasa Jawa Ngoko, Jawa Krama, dan Indonesia Berbasis Android Dengan Menggunakan Metode Sequential Search;Database dan Sistim Retrieval Informasi
APLIKASI KAMUS BAHASA TALIABU BERBASIS ANDROID DENGAN MENGGUNAKAN METODE BINARY SEARCH;Database dan Sistim Retrieval Informasi
Aplikasi Kamus Istilah Ekonomi (Inggris-Indonesia) Menggunakan Metode Sequential Searching;Database dan Sistim Retrieval Informasi
APLIKASI KAMUS ISTILAH NEUROLOGY BERBASIS MOBILE MENGGUNAKAN METODE SEQUENTIAL SEARCH;Database dan Sistim Retrieval Informasi
"APLIKASI KAMUS NAMA ILMIAH TUMBUHAN
DAN HEWAN BERBASIS ANDROID DENGAN
METODE SEQUENTIAL SEARCHING";Database dan Sistim Retrieval Informasi
APLIKASI KEAMANAN EMAIL MENGGUNAKAN ALGORITMA RC4;Algoritma dan Struktur Data
"APLIKASI KRIPTOGRAFI DENGAN METODE
VERNAM CIPHER DAN METODE PERMUTASI
BINER
";Algoritma dan Struktur Data
APLIKASI KRIPTOGRAFI FILE MENGGUNAKAN ALGORITMA BLOWFISH;Algoritma dan Struktur Data
APLIKASI KRIPTOGRAFI MENGGUNAKAN ALGORITMA RC4 DAN DES UNTUK MENGAMANKAN PESAN EMAIL;Algoritma dan Struktur Data
APLIKASI KRIPTOGRAFI PADA KEAMANAN PESAN EMAIL DENGAN MENGGUNAKAN ALGORITMA ONE TIME PAD;Algoritma dan Struktur Data
APLIKASI MENGAMANKAN EMAIL DENGAN MENGGUNAKAN METODE ALGORITMA KRIPTOGRAFI RC6 PADA PERCETAKAN LIBRADO;Algoritma dan Struktur Data
Aplikasi Metode Filter Bank Gabor pada Identifikasi Citra Wajah dari Individu yang Bergerak dan Tidak Bergerak;Grafik
Estimasi Parameter Model Regresi Linier dengan Pendek atan Bayes(Studi Kasus: Kemisk inan di Provinsi Kalimantan Timur pada Tahun 2017);Artificial Intelligance dan Robotik
APLIKASI PENCARI KATA DALAM DATABASE KAMUS BAHASA KUTAI MENGGUNAKAN METODE BINARY SEARCH;Database dan Sistim Retrieval Informasi
Estimasi Ketersediaan Lahan Pertanian Beras Menggunakan Algoritma Regresi Linear;Artificial Intelligance dan Robotik
APLIKASI PENGAMANAN DOKUMEN OFFICE DENGAN ALGORITMA KRIPTOGRAFI KUNCI ASIMETRIS ELGAMAL;Algoritma dan Struktur Data
Aplikasi Penyedia Server Dengan Model Layanan Cloud Computing Infrastructure As A Service;Algoritma dan Struktur Data
Aplikasi Prediksi Pola Pembelian Customer dengan Metode Market Basket Analysis pada PT. Capella Medan ;Artificial Intelligance dan Robotik
Sistem Pengolahan Data Hasil Pengamatan Tanaman Hidroponik Menggunakan Regresi Linier Untuk Estimasi Berbasis Iot;Artificial Intelligance dan Robotik
APLIKASI SISTEM PAKAR DIAGNOSA PENYAKIT GINJAL DENGAN METODE DEMPSTER-SHAFER;Artificial Intelligance dan Robotik
OPTIMALISASI PENGGUNAAN APLIKASI CLOUD COMPUTING SEBAGAI SARANA PENGELOLAAN KUESIONER BAGI GURU MUHAMMADIYAH TANON;Algoritma dan Struktur Data
Aplikasi Teori Graf dalam Analisa Struktur Protein;Database dan Sistim Retrieval Informasi
APLIKASI VISUALISASI DAN PERBANDINGAN METODE ? METODE PENGURUTAN DATA;Database dan Sistim Retrieval Informasi
Arsitektur Konsolidasi Server dengan Virtualisasi untuk Penyedia Layanan Infrastruktur Cloud;Algoritma dan Struktur Data
Artificial Intelligence (AI) Susun Angka Bentuk Kotak 4 X 4 Menggunakan Pencarian Heuristik Dengan Algoritma Bfs;Artificial Intelligance dan Robotik
"ASOSIASI DATA MINING MENGGUNAKAN ALGORITMA FP-GROWTH UNTUK MARKET BASKET ANALYSIS
";Artificial Intelligance dan Robotik
BASIS DATA TERDISTRIBUSI PADA PENJUALAN HASIL PRODUKSI DI TOKO CLOTHING V-CASTRO;Database dan Sistim Retrieval Informasi
BASIS DATA TERDISTRIBUSI UNTUK DATA INVENTARIS BARANG;Database dan Sistim Retrieval Informasi
"BASIS DATA TERDISTRIBUSI
UNTUK APLIKASI KEPENDUDUKAN BERBASIS WEB";Database dan Sistim Retrieval Informasi
PENGEMBANGAN APLIKASI GUI MATLAB UNTUK MENAKSIR KOEFISIEN PARAMETER MODEL REGRESI NON LINIER MENGGUNAKAN ALGORITMA LEVENBERG MARQUARDT;Artificial Intelligance dan Robotik
CASE BASED REASONING UNTUK MENDETEKSI HAMA DAN PENYAKIT TANAMAN ANGGREK DENDROBIUM MENGGUNAKAN ALGORITMA SIMILARITAS PROBABILISTIC SYMMETRIC;Artificial Intelligance dan Robotik
Convolutional Neural Networks untuk Pengenalan Wajah Secara Real-Time ;Grafik
DESAIN DAN IMPLEMENTASI INTERNET PROTOCOL VERSION 6 (IPv6) DI KELAS UNIT PELAYANAN TEKNIS TEKNOLOGI INFORMASI DAN KOMUNIKASI (UPT TIK) UNIVERSITAS NEGERI JAKARTA;Sistim Operasi dan Jaringan
Data Mining Menggunakan Algoritma Apriori untuk Rekomendasi Produk bagi Pelanggan ;Artificial Intelligance dan Robotik
DESAIN DAN ANALISIS KINERJA VIRTUALISASI SERVER MENGGUNAKAN PROXMOX VIRTUAL ENVIRONTMENT;Sistim Operasi dan Jaringan
DESAIN KRIPTOGRAFI CBC MODIFIKASI PADA PROSES PENGAMANAN PESAN MELALUI EMAIL;Algoritma dan Struktur Data
"Validitas Pengembangan Media Pembelajaran
Blended Learning Berbasis Cloud Computing
Tingkat Sekolah Menengah Atas Kota Padang";Algoritma dan Struktur Data
"jurnal ini masuk dalam ketegor database sstim operasi dan jaringan karena membahas mengenai SQL yang merupakan sebuah bahasa yang digunakan untuk mengakses data dalam basis data relasional. Bahasa ini secara de facto merupakan bahasa standar yang digunakan dalam manajemen basis data relasional. Saat ini hampir semua server basis data yang ada mendukung bahasa ini untuk melakukan manajemen datanya.
";Database dan Sistim Retrieval Informasi
"Desain Sistem Rumah Cerdas berbasis Topologi Mesh dan
Protokol Wireless Sensor Network yang Efisien";Sistim Operasi dan Jaringan
Desain Wide Area Monitoring Pada Sistem Tenaga Listrik Menggunakan Least Square Support Vector Regression ;Artificial Intelligance dan Robotik
Deteksi Batik Bojonegoro Menggunakan Metode Gray Level Co-occurrence Matrix (glcm) Dan Naive Bayes;Grafik
"Deteksi Glaukoma pada Citra Fundus Retina
dengan Metode K-Nearest Neighbor";Grafik
DETEKSI KEMERAHAN PADA KULIT WAJAH DENGAN TEKNIK PENGOLAHAN CITRA;Grafik
"RANCANG BANGUN PERANGKAT SORTASI TOMAT BERDASAR SENSOR
BERAT TIPE STRAIN GAUGE DAN PENGOLAHAN CITRA WARNA";Grafik
"DETEKSI TEPI CITRA DAUN MANGGA MENGGUNAKAN
ALGORITMA ANT COLONY OPTIMIZATION";Grafik
Deteksi Tepi pada Citra Digital  menggunakan Metode Kirsch dan Robinson;Grafik
Implementasi Metode Laplacian of Gaussian Dalam Deteksi Tepi Citra Gigi Berlubang;Grafik
DISTRIBUSI JARINGAN MENGGUNAKAN ROUTING OSPF DENGAN METODE REDISTRIBUTION;Sistim Operasi dan Jaringan
KOMPARASI PERFORMA METODE 6TO4 DAN KOMBINASI L2TP/IPSEC UNTUK IMPLEMENTASI IPV6 PADA JARINGAN KOMPUTER;Sistim Operasi dan Jaringan
EKSPLOITASI RPC PADA SISTEM OPERASI WINDOWS;Sistim Operasi dan Jaringan
EKSTRAKSI CIRI GRAY LEVEL CO-OCCURRENCE MATRIX  DAN PROBABILISTIC NEURAL NETWORK  UNTUK PENGENALAN CACAT PENGELASAN;Grafik
EKSTRASI TEKSTUR CITRA  MENGGUNAKAN LOCAL BINARY PATTERN  UNTUK IDENTIFIKASI PENYAKIT TANAMAN PADI DAN ANTHURIUM BERBASIS WEBSITE ;Grafik
"Ektraksi Fitur Citra Paru-Paru Menggunakan Gray Level Co-ocurance
Matriks";Grafik
ENERAPAN GEOMETRIC MEAN FILTER UNTUK MEREDUKSI NOISE SPECKLE DAN SALT AND PEPPER PADA CITRA ORTOKROMATIK;Grafik
"Analisis Dan Perbandingan Metode Sobel Edge Detection Dan Prewit
Pada Deteksi Tepi Citra Daun Srilangka
";Grafik
Evaluasi Penggunaan Animasi dengan Blender pada Materi Komputasi Paralel;Algoritma dan Struktur Data
Failover Gateway Menggunakan Protokol Virtual Router Redundancy Protocol (VRRP) pada Mikrotik Router;Sistim Operasi dan Jaringan
FUNGSI HASH BERBASIS TEORI GRAF: SEBUAH SURVEI;Database dan Sistim Retrieval Informasi
FUZZY MULTIPLE ATTRIBUTE DECISION MACKING (FMADM) BERDASARKAN METODE ORESTE UNTUK MENENTUKAN LOKASI PROMOSI (STUDI KASUS: STMIK BUDI DARMA MEDAN);Artificial Intelligance dan Robotik
GABUNGAN ALGORITMA VERNAM CHIPER DAN END OF FILE UNTUK KEAMANAN DATA;Algoritma dan Struktur Data
Implementasi Komputasi Paralel Dengan Compute Unified Device Architecture (CUDA) Untuk Perhitungan Simple Linear Regression;Algoritma dan Struktur Data
HASIL PENGENALAN CITRA WAJAH DITINJAU DARI JARAK PIKSEL PADA GRAY LEVEL COOCCURRENCE MATRIX DAN PROBABILISTIC NEURAL NETWORK;Grafik
IDENTIFIKASI BIBIT PADA TANAMAN LAHAN GAMBUT BERDASARKAN BENTUK DAUN MENGGUNAKAN METODE PROBABILISTIK NEURAL NETWORK (PNN) BERBASIS WEBSITE (UMUR BIBIT 2 BULAN-1 TAHUN) ;Grafik
Identifikasi Citra Daun Menggunakan Morfologi, Local Binary Patterns dan Convex Hulls ;Grafik
IDENTIFIKASI DAGING SAPI DAN DAGING BABI MENGGUNAKAN  FITUR EKSTRAKSI GREY LEVEL CO-OCCURRENCE MATRIX   DAN K-NEAREST NEIGHBOR CLASSIFIER ;Grafik
IDENTIFIKASI FASE PENYEMBUHAN LUKA BERBASIS CITRA ;Grafik
Identifikasi Gejala Penyakit Padi Menggunakan Operasi Morfologi Citra;Grafik
IDENTIFIKASI HAMA TANAMAN CABAI DENGAN MEMBANDINGKAN PRINCIPAL COMPONENT ANALYSIS DAN GRAY LEVEL CO-OCCURRENCE MATRIX SEBAGAI EKSTRAKSI CIRI ;Grafik
IDENTIFIKASI JENIS KAYU BERBASIS CITRA MENGGUNAKAN PROBABILISTIC NEURAL NETWORK (PNN) ;Grafik
IDENTIFIKASI MACAN TUTUL DENGAN METODE GREY LEVEL COOCURENT MATRIX ( GLCM) ;Grafik
Identifikasi Penyakit Cabai Berdasarkan Gejala Bercak Daun dan Penampakan Conidia Menggunakan Probabilistic Neural Network ;Grafik
IDENTIFIKASI PENYAKIT PADA TANAMAN TOMAT BERDASARKAN WARNA DAN BENTUK DAUN DENGAN METODE NAIVE BAYES CLASSIFIER BERBASIS WEB;Grafik
Identifikasi Tanaman Kamboja menggunakan Ekstraksi Ciri Citra Daun dan Jaringan Syaraf Tiruan;Grafik
Identifikasi Tumbuhan Obat Herbal Berdasarkan Citra Daun Menggunakan Algoritma Gray Level Co-occurence Matrix dan K-Nearest Neighbor;Grafik
IDENTIFIKASI VARIETAS BERDASARKAN WARNA DAN TEKSTUR PERMUKAAN BERAS MENGGUNAKAN PENGOLAHAN CITRA DIGITAL DAN JARINGAN SYARAF TIRUAN;Grafik
Image Processing dan Artifical Neural Network Untuk Mengenali Nomor Induk Kependudukan Pada KTP Sebagai Pendukung Layanan Mandiri di Kantor Desa;Grafik
IMPELEMTASI METODE TRANSFORMASI TOP-HAD DAN BOTTOM HAD UNTUK PENINGKATAN KUALITAS CITRA CT SCAN;Grafik
Implementasi  Learning Vektor Quantization (LVQ) dalam Mengidentifikasi Citra Daging Babi dan Daging Sapi ;Grafik
Implementasi Algoritma Apriori dan FP-Growth Untuk Menentukan Persediaan Barang;Artificial Intelligance dan Robotik
IMPLEMENTASI ALGORITMA APRIORI PADA SISTEM PERSEDIAAN BUAH-BUAHAN (STUDI KASUS : LOTTE MART WHOLESALE MEDAN);Artificial Intelligance dan Robotik
Implementasi Algoritma Base64 untuk Mengamakan SMS pada Smartphone;Algoritma dan Struktur Data
IMPLEMENTASI ALGORITMA BUBBLE SORT DAN SELECTION SORT MENGGUNAKAN ARRAYLIST MULTIDIMENSI PADA PENGURUTAN DATA MULTI PRIORITAS;Database dan Sistim Retrieval Informasi
"IMPLEMENTASI ALGORITMA CAESAR CIPHER DAN HILL
CIPHER PADA DATABASE SISTEM INVENTORI TB MITA JEPAR";Algoritma dan Struktur Data
IMPLEMENTASI ALGORITMA CANNY DAN BACKPROPAGATION UNTUK MENGKLASIFIKASI JENIS TANAMAN MANGGA;Grafik
Implementasi Algoritma ECDH dan AES untuk Pengamanan Pesan SMS pada Telepon Seluler;Algoritma dan Struktur Data
IMPLEMENTASI ALGORITMA FP-GROWTH MENGGUNAKAN ASSOCIATION RULE PADA MARKET BASKET ANALYSIS ;Artificial Intelligance dan Robotik
"Perbandingan Route Redistribute Protokol Routing Dinamik Pada IPv6 ( Studi Kasus :
EIGRP untuk IPv6 dengan OSPFv3 dan EIGRP dengan ISIS pada IPv6)";Sistim Operasi dan Jaringan
IMPLEMENTASI ALGORITMA GALIL SEIFERAS PADA APLIKASI LYRIC SEARCH BERBASIS ANDROID;Database dan Sistim Retrieval Informasi
IMPLEMENTASI ALGORITMA GENERATE AND TEST PADA PENCARIAN RUTE TERPENDEK;Database dan Sistim Retrieval Informasi
"Implementasi Algoritma Genetika Pada Aplikasi
Penjadwalan Perkuliahan Berbasis Web Dengan
Mengadopsi Model Waterfall
(Studi Kasus: STMIK Prabumulih)";Database dan Sistim Retrieval Informasi
"IMPLEMENTASI ALGORITMA HILL CIPHER DALAM
PENYANDIAN DATA";Algoritma dan Struktur Data
IMPLEMENTASI ALGORITMA HILL CLIMBING DAN ALGORITMA A* DALAM PENYELESAIAN PENYUSUNAN SUKU KATA DASAR DENGAN POLA PERMAINAN BINTANG KEJORA;Artificial Intelligance dan Robotik
IMPLEMENTASI ALGORITMA KRIPTOGRAFI AES UNTUK ENKRIPSI DAN DEKRIPSI EMAIL;Algoritma dan Struktur Data
Implementasi Algoritma Kriptografi RC4 Pada DSP TMS320C6713 Sebagai Pendukung Sekuritas Jaringan Komunikasi Voice over Internet Protocol (VoIP);Algoritma dan Struktur Data
IMPLEMENTASI ALGORITMA KRIPTOGRAFI RSA PADA SURATELEKTRONIK (E-Mail);Algoritma dan Struktur Data
RANKINGINDEX BERITA NEW NORMALDENGAN METODE INFORMATION RETRIEVALMENGGUNAKAN VECTOR SPACE MODEL;Database dan Sistim Retrieval Informasi
Implementasi Algoritma Route Cipher Dalam Pengamanan File Pdf;Algoritma dan Struktur Data
"Implementasi Algoritma Sequential Searching
Pada Sistem Pelayanan Puskesmas
Menggunakan Bootstrap (Studi Kasus
Puskesmas Kampung Bali Bengkulu)
";Database dan Sistim Retrieval Informasi
"IMPLEMENTASI ALGORITMA SEQUENTIAL
SEARCHING UNTUK PENCARIAN NOMOR
SURAT PADA SISTEM ARSIP ELEKTRONIK";Database dan Sistim Retrieval Informasi
Implementasi Algoritme K-Means Sebagai Metode Segmentasi Citra Dalam Identifikasi Penyakit Daun Jeruk;Grafik
Navigasi robot bergerak berdasarkan landmark garis menggunakankontroler Braitenbergdan pengolahan citra;Grafik
"IMPLEMENTASI BASIS DATA TERDISTRIBUSI
MENGGUNAKAN MYSQL PADA PT THAMRIN BROTHERS
PALEMBANG";Database dan Sistim Retrieval Informasi
Implementasi Basisdata Terdistribusi Pada Sistem Kenaikan Gaji Berkala Dinas Infokom Provinsi Maluku;Database dan Sistim Retrieval Informasi
ESTIMASI CADANGAN KLAIM MENGGUNAKAN GENERALIZED LINEAR MODEL (GLM)DANCOPULA;Artificial Intelligance dan Robotik
MODEL FUZZY LINEAR REGRESSION UNTUK PERAMALAN PRODUKSI KELAPA SAWIT;Artificial Intelligance dan Robotik
Implementasi CNN dan SVM untuk Identifikasi Penyakit Tomat via Daun;Grafik
IMPLEMENTASI DATA MINING DENGAN METODE AlGORITMA C4.5 UNTUK MENENTUKAN TINGKAT KELAYAKAN SEPEDA MOTOR BEKAS YANG AKAN DIJUAL (STUDI KASUS UD.NISA MOTOR);Artificial Intelligance dan Robotik
IMPLEMENTASI DATA MINING UNTUK PENGENALAN KARAKTERISTIK TRANSAKSI CUSTOMER DENGAN MENGGUNAKAN ALGORITMA C4.5 ;Artificial Intelligance dan Robotik
IMPLEMENTASI FRAGMENTASI HORIZONTAL BASIS DATA TERDISTRIBUSI (STUDI KASUS : SISTEM INFORMASI AKADEMIK UNIVERSITAS KATOLIK SANTO THOMAS);Database dan Sistim Retrieval Informasi
Implementasi FTP ( File Transfer Protokol ) Sebagai Server Backup Router Mikrotik;Sistim Operasi dan Jaringan
Implementasi High Availability Server Dengan Teknik Failover Virtual Computer Cluster;Sistim Operasi dan Jaringan
IMPLEMENTASI K-NEAREST NEIGHBOR UNTUK MENGENALI POLA CITRA DALAM MENDETEKSI PENYAKIT KULIT;Grafik
Implementasi Kombinasi Caesar dan Affine Cipher untuk Keamanan Data Teks;Algoritma dan Struktur Data
Rancang Bangun Sistem Cerdas Thematic Apperception Test Menggunakan Metode Vector Space Model;Artificial Intelligance dan Robotik
"IMPLEMENTASI KRIPTOGRAFI KLASIK PADA
KOMUNIKASI BERBASIS TEKS";Algoritma dan Struktur Data
Implementasi Kriptografi Kunci Publik dengan Algoritma RSA-CRT pada Aplikasi Instant Messaging;Algoritma dan Struktur Data
IMPLEMENTASI KRIPTOGRAFI PADA APLIKASI EMAIL MENGGUNAKAN ALGORITMA ELGAMAL BERBASIS ANDROID;Algoritma dan Struktur Data
IMPLEMENTASI KRIPTOGRAFI PADA FILE ATTACHMENT EMAIL MENGGUNAKAN ALGORITMA RIJNDAEL;Algoritma dan Struktur Data
IMPLEMENTASI KRIPTOGRAFI RSA UNTUK PENINGKATAN KEAMANAN DATABASE E-COMMERCE;Algoritma dan Struktur Data
IMPLEMENTASI KRIPTOGRAFI VIGENERE CIPHER DENGAN PHP;Algoritma dan Struktur Data
IMPLEMENTASI KRIPTOGRAFI EMAIL BERBASIS ANDROID DENGAN METODE ELGAMAL PADA PT SUDATA MAKMUR;Algoritma dan Struktur Data
Implementasi metode Alpha Trimmed Mean Filter menggunakan Opencl untuk penghapusan noise pada citra berwarna;Grafik
Implementasi Metode Basisdata Terdistribusi Untuk Pengelolaan Data Perpustakaan Berbasis Web;Database dan Sistim Retrieval Informasi
Implementasi Metode Caesar Chiper Alphabet Majemuk Dalam Kriptografi Untuk Pengamanan Informasi;Algoritma dan Struktur Data
implementasi metode gaussian filter utuk penghapusan noise pada citra menggunakan GPU;Grafik
IMPLEMENTASI METODE GRAM-SCHMIDT DAN METODE PRINCIPAL COMPONENT DALAM PENAJAMAN CITRA MULTIRESOLUSI;Grafik
Implementasi Metode Gray Level Co-occurrence Matrix dalam Identifikasi Jenis Daun Tengkawang ;Grafik
IMPLEMENTASI METODE MEDIAN FILTERING DAN MIDPOINT FILTERING UNTUK PENGOLAHAN CITRA DIGITAL;Grafik
Implementasi Metode Selection Sort Untuk Menentukan Barang Yang Harus Di Stok Ulang Dalam Sistem Informasi Penjualan;Database dan Sistim Retrieval Informasi
Implementasi Metode Sequential Dalam Pencarian Pendistribusian Barang Pada Cargo Integration System;Database dan Sistim Retrieval Informasi
Implementasi Metode Sorting Sistem Lelang Online Berbasis Web;Database dan Sistim Retrieval Informasi
Implementasi Sequential Search Pada Pencarian Data Tarif Aplikasi Perjalanan Dinas Karyawan PT Telkom Akses;Database dan Sistim Retrieval Informasi
IMPLEMENTASI SEQUENTIAL SEARCH UNTUK MONITORING LOG CLIENT PADA SERVER LINUX ;Database dan Sistim Retrieval Informasi
Pengelompokan Data Kriminal Pada Poldasu Menentukan Pola Daerah Rawan Tindak Kriminal Menggunakan Data Mining Algoritma K-Means Clustering;Database dan Sistim Retrieval Informasi
IMPLEMENTASI SISTEM KEAMANAN FILE DENGAN METODE STEGANOGRAFI EOF DAN ENKRIPSI CAESAR CIPHER;Algoritma dan Struktur Data
"IMPLEMENTASI SISTEM OPERASI LINUX FEDORA 22
SEBAGAI WEBSERVER DALAM MENDUKUNG LAYANAN SISTEM
TERDISTRIBUSI
";Sistim Operasi dan Jaringan
Implementasi Sistem Penjadwalan Akademik Fakultas Teknik Universitas Tanjungpura Menggunakan Metode Algoritma Genetika;Database dan Sistim Retrieval Informasi
Implementasi Sistem Terdistribusi Load Balancing Haproxy dan Replikasi MySQL;Database dan Sistim Retrieval Informasi
IMPLEMENTASI TEKNIK BINARY SEARCH PADA KAMUS INDONESIABATAK TOBA;Database dan Sistim Retrieval Informasi
Steganografi LSB Dengan Modifikasi Kriptografi: Caesar, Vigenere, Hill Cipher dan Playfair Pada Image;Algoritma dan Struktur Data
"IMPLEMENTASI TEXT MINING DALAM KLASIFIKASI  BUKU DENGAN METODE NA“VE BAYES CLASSIFIER  STUDI KASUS PADA PERPUSTAKAAN STMIK  PPKIA TARAKANITA RAHMAWATI 
";Artificial Intelligance dan Robotik
IMPLEMENTASI VoIP (VOICE OVER INTERNET PROTOKOL) PADA JARINGAN LAN (LOCAL AREA NETWORK) DINAS KESEHATAN KABUPATEN MUSI BANYUASIN;Sistim Operasi dan Jaringan
Implementasi Algoritma Kriptografi RSA untuk Enkripsi dan Dekripsi Email;Algoritma dan Struktur Data
Implementasi Parallel Computing untuk mengoptimalkan komputasi pada aplikasi transliterasi huruf latin ke Aksara Jawa;Algoritma dan Struktur Data
"Indexing dan Searching Document Menggunakan
Metode Semantic Suffix Tree Clustering Berbasis";Database dan Sistim Retrieval Informasi
Information Retrieval dengan Menggunakan Metode Latent Semantik Indexing (LSI) pada Proses Searching dan Klasifikasi Buku: Studi Kasus Perpustakaan STMIK Bumigora;Database dan Sistim Retrieval Informasi
"JURNAL ANALISIS SISTEM OPERASI
FITUR KEAMANAN WINDOWS, LINUX Dan MACINTOSH";Sistim Operasi dan Jaringan
PEMBUATAN APLIKASI PENJADWALAN DAN RESERVASI UNTUK PENGGUNAAN PRIVATE CLOUD COMPUTING;Algoritma dan Struktur Data
"Pelabelan tak teratur titik pada graf hasil kali corona antara prisma dan komplemen graf lengkap
";Algoritma dan Struktur Data
KAJIAN KOMPARASI PENERAPAN ALGORITMA SUPPORT VECTOR MACHINE (SVM) DAN MULTILAYER PERCEPTRON (MLP)  DALAM PREDIKSI INDEKS SAHAM SEKTOR PERBANKAN:  STUDI KASUS SAHAM LQ45 IDX BANK BCA;Artificial Intelligance dan Robotik
"AKTIVASI MODEM RAISECOM 551E- 4GE UNTUK LAYANAN LINK
MPLS MENGGUNAKAN METODE POINT TO POINT PADA SISI
PELANGGAN
";Sistim Operasi dan Jaringan
KEAMANAN FILE MENGGUNAKAN TEKNIK KRIPTOGRAFI SHIFT CIPHER;Algoritma dan Struktur Data
Analisis Kinerja Jaringan Wireless LAN Menggunakan Metode QOS (Quality of Service) Di Perpustakaan SMK Negeri 5 Bandar Lampung;Sistim Operasi dan Jaringan
KLASIFIKASI BATIK MENGGUNAKAN METODE K-NEAREST NEIGHBOUR BERDASARKAN GRAY LEVEL CO-OCCURRENCE MATRICES (GLCM) ;Grafik
Klasifikasi Citra Batik Menggunakan Jaringan Syaraf Tiruan Berdasarkan Gray Level CoOccurrence Matrices (GLCM) ;Grafik
KLASIFIKASI CITRA DENGAN MATRIKS KO-OKURENSI ARAS KEABUAN (Gray Level Co-occurrence Matrix-GLCM) PADA LIMA KELAS BIJI-BIJIAN;Grafik
Klasifikasi Citra Mammogram Menggunakan Metode  K-Means, GLCM, dan Support Vector Machine (SVM) ;Grafik
Klasifikasi Citra Menggunakan Convolutional Neural Network (Cnn) pada Caltech 101 ;Grafik
KLASIFIKASI CITRA MENGGUNAKAN MULTI TEXTON HISTOGRAM DAN PROBABILISTIC NEURAL NETWORK;Grafik
"KLASIFIKASI DOKUMENT TEKS MENGGUNAKAN ALGORITMA NAIVE BAYES DENGAN BAHASA PEMOGRAMAN JAVA 
 
 ";Artificial Intelligance dan Robotik
KLASIFIKASI JENIS DAGING BERDASARKAN TEKSTUR MENGGUNAKAN METODE GRAY LEVEL COOCURENT MATRIX ;Grafik
KLASIFIKASI JENIS KUALITAS KEJU DENGAN MENGGUNAKAN METODE GRAY LEVEL COOCCURRENCE MATRIX (GLCM) DAN SUPPORT VECTOR MACHINE (SVM) PADA CITRA DIGITAL ;Grafik
Klasifikasi Konten Berita Dengan Metode  Text Mining SYMMETRIC;Artificial Intelligance dan Robotik
Klasifikasi Penyakit Paru Berdasarkan Citra Rontgen dengan Metoda Segmentasi Sobel;Grafik
"Evaluasi Ekstraksi Fitur GLCM dan LBP Menggunakan Multikernel SVM
untuk Klasifikasi Batik";Grafik
KOMBINASI ALGORITMA AES, RC4 DAN ELGAMAL DALAM SKEMA HYBRID UNTUK KEAMANAN DATA;Algoritma dan Struktur Data
Kombinasi Algoritma Caesar Cipher dan Algoritma RSA untuk pengamanan File Dokumen dan Pesan Teks;Algoritma dan Struktur Data
Kombinasi Algoritma Genetika dengan Algoritma Palgunadi untuk Penjadwalan Mata Kuliah di Universitas Sebelas Maret;Database dan Sistim Retrieval Informasi
"KOMBINASI KRIPTOGRAFI CAESAR CIPHER DAN
STEGANOGRAFI LEAST SIGNIFICANT BIT (LSB) PADA CITRA
BERFORMAT BITMAP";Grafik
Komparasi Algoritma Klasifikasi Machine Learning Dan Feature Selection pada Analisis Sentimen Review Film ;Artificial Intelligance dan Robotik
KOMPARASI ALGORITMA KLASIFIKASI TEXT MINING UNTUK ANALISIS SENTIMEN PADA REVIEW RESTORAN ;Artificial Intelligance dan Robotik
Komparasi Algoritma Quicksort dan Bucket Sort pada Pengurutan Data Integer;Database dan Sistim Retrieval Informasi
KOMPARASI ALGORITMA QUICKSORT DAN BUCKET SORT PENGURUTAN DATA INTEGER MENGGUNAKAN BAHASA C++;Database dan Sistim Retrieval Informasi
Komparasi Metode EM-GMM (Expectation Maximization-Gaussian Mixture Model) dan FCM (Fuzzy C-Means) dalam Segmentasi Citra Otak MRI (Magnetic Resonance Imaging) di RSUD Soetomo dalam Menentukan Area Tumor Otak;Grafik
"Kompleksitas Algoritma Pengurutan
Selection Sort dan Insertion Sort 
";Database dan Sistim Retrieval Informasi
Komputasi Penentuan Kualitas pada Fiber Optik Berdasarkan Rugi Daya dengan Gaussian Naive Bayes Menggunakan Teknologi CUDA;Artificial Intelligance dan Robotik
KRIPTOGRAFI DENGAN KOMPOSISI CAESAR CIPHER DAN AFFINE CIPHER UNTUK MENGUBAH PESAN RAHASIA;Algoritma dan Struktur Data
Kriptografi Email menggunakan Algoritma Rivest Code 6 (Rc6) berbasis Java Pada PT. XYZ;Algoritma dan Struktur Data
"Kriptografi untuk Keamanan Pengiriman
Email Menggunakan Blowfish dan Rivest
Shamir Adleman (RSA)";Algoritma dan Struktur Data
"Manajemen Jadwal Proyek dan Karyawan Berbasis Web PadaPT. Bee Solution Partners
";Sistim Operasi dan Jaringan
"MANAJEMEN SERVER JARINGAN KOMPUTER BERBASIS
TEKNOLOGI VIRTUALISASI MENGGUNAKAN PROXMOX";Sistim Operasi dan Jaringan
Market Basket Analysis Menggunakan Algoritma Eclat (Kasus Data Transaksi Penjualan Groceries) ;Artificial Intelligance dan Robotik
"Media Pembelajaran untuk Metode
Penjadwalan First Come First Serve-Ejecting
Based Dynamic Scheduling (FCFS-EDS)
untuk MPI Job dalam Sistem Grid System";Sistim Operasi dan Jaringan
"Memaksimalkan Sistem Operasi Wndows Dengan Merubah
Konfigurasi Registry";Sistim Operasi dan Jaringan
Membangun Sistem Cloud Computing Dengan Implementasi Load Balancing dan Pengujian Algoritma Penjadwalan Linux Virtual Server Pada FTP Server;Algoritma dan Struktur Data
MEMBANGUN SISTEM PAKAR  UNTUK MENGIDENTIFIKASI JENIS PENYAKIT PADA TANAMAN JERUK BERBASIS WIRELESS APLICATION PROTOCOL (WAP)  DENGAN WIRELESS MARKUP LANGUAGE (WML)  DAN PHP HYPERTEXT PREPROCESSOR (PHP) ;Artificial Intelligance dan Robotik
MENGHITUNG RUTE TERPENDEK MENGGUNAKAN ALGORITMA A* DENGAN FUNGSI EUCLIDEAN DISTANCE;Artificial Intelligance dan Robotik
METODE LOKALISASI ROBOT OTONOM DENGAN MENGGUNAKAN ADOPSI ALGORITMA HEURISTIC SEARCHING DAN PRUNING UNTUK PEMBANGUNAN PETA PADA KASUS SEARCH-AND-SAFE;Database dan Sistim Retrieval Informasi
METODE PENDEKATAN MENGHITUNG AGREGASI QUANTILE PADA SISTEM MANAJEMEN DATA DENGAN MENGGUNAKAN STRUKTUR POHON BINER;Sistim Operasi dan Jaringan
Metode Segmentasi Paru-paru dan Jantung Pada Citra X-Ray Thorax;Grafik
METODE SUPPORT VECTOR MACHINE DAN FORWARD SELECTION PREDIKSI PEMBAYARAN PEMBELIAN BAHAN BAKU KOPRA ;Artificial Intelligance dan Robotik
Migrasi Sistem Operasi Windows ke Sistem Operasi Linux Sidux pada Laboratorium Jaringan Komputer;Sistim Operasi dan Jaringan
MINIMASI MAKESPAN PADA PENJADWALAN FLOW SHOP MESIN PARALEL PRODUK STEEL BRIDGE B-60 MENGGUNAKAN METODE LONGEST PROCESSING TIME DAN PARTICLE SWARM OPTIMIZATION;Sistim Operasi dan Jaringan
"Model Fragmentasi Sistem Basis Data Terdistribusi
Studi Kasus Sistem Member Warnet";Database dan Sistim Retrieval Informasi
MODEL KEAMANAN INFORMASI BERBASIS DIGITAL SIGNATURE DENGAN ALGORITMA RSA;Algoritma dan Struktur Data
MODIFIKASI ALGORITMA CAESAR CHIPER DAN RAIL FENCE UNTUK PENINGKATAN KEAMANAN TEKS ALFANUMERIK DAN KARAKTER KHUSUS;Algoritma dan Struktur Data
Analisis Dan Simulasi Perbandingan Qos Di Routing Protokol Mpls Ospf Dan Mpls Is-is Di Jaringan Ipv6 Menggunakan Gns3 Untuk Layanan Video Streaming;Sistim Operasi dan Jaringan
NALISIS KINERJA PACKET FILTERING BERBASIS MIKROTIK ROUTERBOARD PADA SISTEM KEAMANAN JARINGAN;Sistim Operasi dan Jaringan
NETWORKING OPERATING SYSTEM (NOS) BERBASIS SIMULASI MULTIMEDIA;Sistim Operasi dan Jaringan
OPTIMALISASI PENGGUNAAN HARDWARE SERVER MEMPERGUNAKAN VIRTUALISASI SERVER DI SMAN 1 WONOSARI;Sistim Operasi dan Jaringan
"OPTIMALISASI PENJADWALAN PEMADAMAN HOTSPOT
KEBAKARAN HUTAN DAN LAHAN MENGGUNAKAN
ALGORITMA GENETIK";Artificial Intelligance dan Robotik
OPTIMASI ALGORITMA LEARNING VECTOR QUANTIZATION (LVQ) DALAM PENGKLASIFIKASIAN CITRA DAGING SAPI DAN DAGING BABI BERBASIS GLCM DAN HSV ;Grafik
OPTIMASI ALGORITMA SHELL SORT DALAM PENGURUTAN DATA HURUF DAN ANGKA;Database dan Sistim Retrieval Informasi
Analisis Quality Of Service (QoS) pada Jaringan VPN dan MPLS VPN Menggunakan GNS3;Sistim Operasi dan Jaringan
CONGESTION CONTROL PADA JARINGAN KOMPUTER BERBASIS MULTI PROTOCOL LABEL SWITCHING (MPLS);Sistim Operasi dan Jaringan
"OPTIMASI PENJADWALAN MATA KULIAH
DENGAN ALGORITMA GENETIKA
(Studi Kasus di AMIK JTC Semarang)";Database dan Sistim Retrieval Informasi
"Optimasi Penjadwalan Mata Pelajaran Menggunakan
Algoritma Genetika (Studi Kasus : SMPN 1 Gondang
Mojokerto) 
";Database dan Sistim Retrieval Informasi
"OPTIMASI PENJADWALAN PERAWAT MENGGUNAKAN
ALGORITMA GENETIKA 
";Database dan Sistim Retrieval Informasi
"OPTIMASI PENJADWALAN PERKULIAHAN DENGAN BATASAN LUNAK (SOFT
CONSTRAINTS) PADA PRODI TEKNIK ELEKTRO UNIMED MENGGUNAKAN
ALGORITMA GENETIKA";Database dan Sistim Retrieval Informasi
Lintasan Hamiltonian pada Graf 4-Connected;Algoritma dan Struktur Data
Pemanfaatan Ciri Gray Level Co-Occurrence Matrix (GLCM) Citra Buah Jeruk Keprok (Citrus reticulata Blanco) untuk Klasifikasi Mutu ;Grafik
Pemanfaatan Clustering Algoritma McKmeans  untuk Business Intelligence ;Artificial Intelligance dan Robotik
PEMANFAATAN METODE CART UNTUK MEMPREDIKSI OMSET SEPATU PRIA;Artificial Intelligance dan Robotik
PEMANFAATAN METODE HEURISTIK DALAM PENCARIAN JALUR TERPENDEK DENGAN ALGORITMA SEMUT DAN ALGORITMA GENETIKA;Artificial Intelligance dan Robotik
PEMBANGUNAN APLIKASI PEMBANDING KRIPTOGRAFI DENGAN CAESAR CIPHER DAN ADVANCE ENCRYPTION STANDARD (AES) UNTUK FILE TEKS;Algoritma dan Struktur Data
Pembangunan Sistem Informasi Presensi Perkuliahan Menggunakan Basis Data Terdistribusi dengan Metode Replikasi-Asynchronous;Database dan Sistim Retrieval Informasi
PEMBUATAN APLIKASI PACKAGE DEPENDENCY MERGER BERBASIS SISTEM OPERASI DEBIAN GNU/LINUX;Sistim Operasi dan Jaringan
Pembuatan Kamus Digital Jawa - Indonesia dengan Metode Sequential Searching;Database dan Sistim Retrieval Informasi
Pembuatan Modul Ajar Sistem Operasi Manajemen Memori dan Virtual Memori;Sistim Operasi dan Jaringan
"PEMBUATAN PERANGKAT LUNAK
MEDIA PEMBELAJARAN KRIPTOGRAFI KLASIK";Algoritma dan Struktur Data
"PEMECAHAN SISTEM TRIDIAGONAL
DALAM KOMPUTASI PARALEL DENGAN SIKLUS REDUKSI ";Algoritma dan Struktur Data
IMPLEMENTASI TEORI DISTRIBUSI PROBABILITAS GAUSSIAN PADA KUALITAS RANGKAIAN PENYEARAH GELOMBANG PENUH;Algoritma dan Struktur Data
Pemodelan Sistem Data Terdistribusi Untuk Mengintegrasikan Data Akademik Dan Keuangan;Database dan Sistim Retrieval Informasi
Pemetaan Lokasi Kejadian dalam Sistem Deteksi Kejadian dengan Data Twitter Menggunakan Teori Graf;Algoritma dan Struktur Data
"PENCARIAN FILE DENGAN METODE BINARY SEARCHING DAN DENGAN
PENDEKATAN WILDCARD CHARACTER";Database dan Sistim Retrieval Informasi
Pencarian Jalur Terpendek dalam GPS dengan Menggunakan Teori graf Using Graph Theory for Finding Shortest Path in GPS;Artificial Intelligance dan Robotik
"Penentuan Anomali Gayaberat Regional dan Residual Menggunakan Filter
Gaussian Daerah Mamuju, Sulawesi Barat";Grafik
"Penentuan Pola Pembelian Konsumen pada Indomaret GKB Gresik dengan Metode FP-Growth
";Artificial Intelligance dan Robotik
PENENTUAN POLA YANG SERING MUNCUL UNTUK PENJUALAN PUPUK MENGGUNAKAN  ALGORITMA FP-GROWTH ;Artificial Intelligance dan Robotik
PENENTUAN WILAYAH WAJAH MANUSIA PADA CITRA BERWARNA BERDASARKAN WARNA KULIT DENGAN METODE TEMPLATE MATCHING;Grafik
PENERAPAN KOMPUTASI PARALEL PADA APLIKASI DATA CLEANING MULTIPLE DATA EDIT;Algoritma dan Struktur Data
Penerapan Algoritma FP-Growth Dalam Penentuan Pola Pembelian Konsumen Pada Kain Tenun Medali Mas ;Artificial Intelligance dan Robotik
Penerapan Algoritma Greedy Dalam Menentukan Rute Terpendek Puskesmas (Studi Kasus: Kota Tanjungpinang);Artificial Intelligance dan Robotik
Penerapan Algoritma K-means Pada Kompresi Adaptif Citra Medis Mri;Grafik
Penerapan Algoritma Kriptografi ElGamal untuk Pengaman File Citra;Algoritma dan Struktur Data
Penerapan Algoritma Kriptografi TEA Dan Base64 Untuk Mengamankan Email Data Policy Asuransi;Algoritma dan Struktur Data
PENERAPAN ALGORITMA QUICK PIVOT SORT DAN RADIX SORT PADA DATA BUKU;Database dan Sistim Retrieval Informasi
PENERAPAN ASSOCIATION RULE MINING MENGGUNAKAN ALGORITMA APRIORI UNTUK MENENTUKAN POLA PEMBELIAN KONSUMEN PADA DATA TRANSAKSI PENJUALAN ;Artificial Intelligance dan Robotik
Penerapan dan Analisis Virtualisasi Router Menggunakan RouterOS;Sistim Operasi dan Jaringan
Penerapan Data Mining Dalam Menganalisa Data Penjualan Untuk Mendapatkan Pola Rekomendasi Penjualan Menggunakan Algoritma Apriori Pada K3 Mart ;Artificial Intelligance dan Robotik
PENERAPAN DATA MINING UNTUK ANALISA POLA PEMBELIAN KONSUMEN DENGAN ALGORITMA APRIORI PADA DATA TRANSAKI PENJUALAN ;Artificial Intelligance dan Robotik
PENERAPAN DATA MINING UNTUK ANALISIS POLA PEMBELIAN KONSUMEN DENGAN ALGORITMA FPGROWTH PADA DATA TRANSAKSI PENJUALAN SPARE PART MOTOR;Artificial Intelligance dan Robotik
Usulan Penjadwalan Mesin Paralel Identik Untuk Meminimasi Total Tardiness Dengan Menggunakan Metode Algoritma Genetika Pada Workcenter Mesin Frais Di Cv.xyz;Algoritma dan Struktur Data
Penerapan Data Mining Untuk Analisis Pola Pembelian Produk Pada Clapper Movie Caf? Menggunakan Metode Association Rule ;Artificial Intelligance dan Robotik
PENERAPAN DATA MININGPADA PERUSAHAAN RITAIL PAKAIAN UNTUK MEMPREDIKSI KETERSEDIAAN JENIS BARANG DENGAN MENGGUNAKAN ALGORITMA FP-GROWTH ;Artificial Intelligance dan Robotik
PENERAPAN ENKRIPSI DAN DEKRIPSI FILE MENGGUNAKAN ALGORITMA DATA ENCRYPTION STANDARD (DES);Algoritma dan Struktur Data
PENERAPAN GRAF PADA PERSIMPANGAN MENGGUNAKAN ALGORITMA WELSH-POWEL UNTUK OPTIMALISASI PENGATURAN TRAFFIC LIGHT;Algoritma dan Struktur Data
"PENERAPAN KONSEP BUSINESS INTELLIGENCE UNTUK PERCEPATAN PENYELESAIAN PERKARA PADA PANMUD PERDATA  KHUSUS MAHKAMAH AGUNG RI  
 ";Artificial Intelligance dan Robotik
Penerapan Metode Data Mining Market Basket Analysis Terhadap Data Penjualan Produk Pada Toko Oase Menggunakan Algoritma Apriori;Artificial Intelligance dan Robotik
"PENERAPAN METODE AGGLOMERATIV HIRARCHICAL CLUSTURING UNTUK KLASIFIKASI DOKUMEN SKRIPSI
Elan Dinata";Artificial Intelligance dan Robotik
PENERAPAN METODE HEURISTIK (ALGORITMA IDA* DAN B&B) DALAM PEMECAHAN N-Queen Problem;Artificial Intelligance dan Robotik
Penerapan Metode Hill Climbing Pada Sistem Informasi Geografis Untuk Mencari Lintasan Terpendek ;Artificial Intelligance dan Robotik
PENERAPAN METODE HILL CLIMBING SEARCH UNTUK PENCARIAN LOKASI TERDEKAT PADA APLIKASI TOKO VIRTUAL BERBASIS ANDROID;Artificial Intelligance dan Robotik
Penerapan Metode Median Filter untuk Mereduksi Noise Speckle dan Salt & Pepper pada Citra Ortokromatik;Grafik
PENERAPAN METODE SIMPLE HILL CLIMBING SEARCH UNTUK PENCARIAN LOKASI TERDEKAT SEKOLAH MENENGAH ATAS MUHAMMDIYAH;Artificial Intelligance dan Robotik
Penerapan Metode Support Vector Machine (SVM) Menggunakan Kernel Radial Basis Function (RBF) Pada Klasifikasi Tweet ;Artificial Intelligance dan Robotik
PENERAPAN METODE TSUKAMOTO DALAM SISTEM PENDUKUNG KEPUTUSAN UNTUK MENENTUKANJUMLAH PRODUKSI BARANG (STUDI KASUS : PT. BUDIJAYA MAKMURSENTOSA);Artificial Intelligance dan Robotik
Penerapan MySQL Cluster untuk Membangun Replikasi Dua Arah Basis Data Terdistribusi dengan Penerapan Metode Fail Over dan Load Balancing;Database dan Sistim Retrieval Informasi
Perancangan jaringan multiprotocol label switching virtual private network (MPLS VPN) dengan menggunakan simulator router mx juniper 14.1R1.10;Sistim Operasi dan Jaringan
PENERAPAN PEWARNAAN GRAF PADA PENJADWALAN UJIAN MENGGUNAKAN ALGORITMAWELSH POWELL;Algoritma dan Struktur Data
PENERAPAN SISTEM REPLIKASI DAN INTEGRASI BASIS DATA TERDISTRIBUSI PADA PANGKALAN DATA PENDIDIKAN TINGGI (PDPT);Database dan Sistim Retrieval Informasi
Penerapan Teknologi Virtualisasi Tingkat Sistem Operasi Pada Server Linux Ubuntu 8.04 Menggunakan OpenVZ;Sistim Operasi dan Jaringan
PENERAPAN TEORI GRAF PADA ANALISIS JEJARING SOSIALDENGAN MENGGUNAKAN MICROSOFT MICROSOFT NODE XL;Algoritma dan Struktur Data
"PENERAPAN WEB SERVICE PADA APLIKASI SISTEM AKADEMIK PADA
PLATFORM SISTEM OPERASI MOBILE ANDROID";Sistim Operasi dan Jaringan
Pengamanan Data Informasi menggunakan Kriptografi Klasik;Algoritma dan Struktur Data
PENGANALISIS KESEGARAN DAGING SAPI DAN DAGING BABI MENTAH BERDASARKAN KLASIFIKASI WARNA DAN KELEMBABAN ;Artificial Intelligance dan Robotik
PENGAPLIKASIAN TEORI GRAF PADA ANALISIS JEJARING SOSIAL DALAM STRUKTUR ORGANISASI UNISBA DI BAWAH PIMPINAN WAREK I MENGGUNAKAN APLIKASI MICROSOFT NODEXL;Algoritma dan Struktur Data
PENGARUH INTENSITAS CAHAYA TERHADAP HASIL PENGENALAN CITRA  DENGAN GRAY LEVEL CO-OCCURRENCE MATRIX DAN  PROBABILISTIC NEURAL NETWORK ;Grafik
Pengaruh Preprocessing Data pada Metode SVR dalam Memprediksi Permintaan Obat;Artificial Intelligance dan Robotik
Analisis Perbandingan Efisiensi Algoritma Brute Forcedan Divide and Conquerdalam Proses Pengurutan Angka;Algoritma dan Struktur Data
PENGEMBANGAN ALGORTIMA APRIORI UNTUK PENGAMBILAN KEPUTUSAN ;Artificial Intelligance dan Robotik
PENGEMBANGAN APLIKASI PENJADWALAN KEGIATAN PELATIHAN TEKNOLOGI INFORMASI DAN KOMUNIKASI DENGAN ALGORITMA GENETIKA (STUDI KASUS: BPRTIK);Database dan Sistim Retrieval Informasi
Pengembangan Buku Ajar Kompilasi Teori Graf dengan Model Addie;Algoritma dan Struktur Data
"PENGEMBANGAN JARINGAN LOCAL AREA NETWORK MENGGUNAKAN
SISTEM OPERASI LINUX REDHAT 9 ";Sistim Operasi dan Jaringan
Pengembangan Manajemen Multi Server Berbasis Web Menggunakan Framework Django;Sistim Operasi dan Jaringan
PENENTUAN TINGKAT SIMILARITAS DOKUMEN MENGGUNAKAN VECTOR SPACE MODEL UNTUK MEMBANTU PENDETEKSIAN PLAGIARISME;Database dan Sistim Retrieval Informasi
Pengembangan Penjadwalan Kuliah Menggunakan Metode : Auto Generate Time Table;Sistim Operasi dan Jaringan
PENGEMBANGAN PERANGKAT LUNAK BERBASIS JARINGAN SYARAF TIRUAN UNTUK PERAMALAN BEBAN LISTRIK JANGKA PENDEK (STUDI KASUS DI PT.PLN AREA DISTRIBUSI JABAR);Artificial Intelligance dan Robotik
PENGEMBANGAN PERANGKAT LUNAK JARINGAN SYARAF TIRUAN UNTUK PENGKLASIFIKASIAN DATA APLIKASI KREDIT PERBANKAN MENGGUNAKAN METODE PROPAGASI BALIK;Artificial Intelligance dan Robotik
PENGEMBANGAN SISTEM OPERASI BERBASIS OPEN SOURCE DALAM PEMILIHAN PAKET DISTRIBUSI UNTUK MENUNJANG KEGIATAN AKADEMIK DILINGKUNGAN UNSIKA;Sistim Operasi dan Jaringan
Pengembangan Sumber Belajar Matakuliah Sistem Cerdas Pada Metode Searching Untuk Mahasiswa Prodi S1 Pendidikan Teknik Elektro Universitas Negeri Malang;Database dan Sistim Retrieval Informasi
Pengenalan Citra Logo Kendaraan Menggunakan Metode Gray Level Co-Occurence Matrix (Glcm) dan Jst-Backpropagation ;Grafik
PENGENALAN CITRA TANDA TANGAN MENGGUNAKAN GRAY LEVEL CO-OCCURRENCE MATRIX (GLCM) DAN PROBABILISTIC NEURAL NETWORK (PNN) ;Grafik
PENGENALAN JENIS IKAN AIR LAUT DENGAN METODE lEARNING VECTOR QUANTIZATION (LVQ) BERBASIS CITRA;Grafik
PENGENALAN PENYAKIT NODA PADA CITRA DAUN TEBU BERDASARKAN CIRI TEKSTUR FRACTAL DIMENSION CO-OCCURRENCE MATRIX DAN L*a*b* COLOR MOMENTS ;Grafik
Pengenalan Wajah dengan Matriks Kookurensi Aras Keabuan (GLCM) dan Jaringan Syaraf Tiruan Probabilistik;Grafik
Pengolahan Citra Untuk Menghitung Harga Kayu Jati Berdasarkan Citra Diameternya;Grafik
PENGGUNAAN ALGORITMA GENETIKA DALAM PENINGKATAN KINERJA FUZZY CLUSTERING UNTUK PENGENALAN POLA;Database dan Sistim Retrieval Informasi
"Penggunaan Algoritma Kriptografi Steganografi
Least Significant Bit Untuk Pengamanan Pesan
Teks dan Data Video";Algoritma dan Struktur Data
Penggunaan Algoritma Novel Utility Frequent Itemset Mining dalam Market Basket Analysis ;Artificial Intelligance dan Robotik
PENGGUNAAN ALGORITMA SORTING BUBBLE SORT UNTUK PENENTUAN NILAI PRESTASI SISWA;Database dan Sistim Retrieval Informasi
PEMBUATAN TOOLS MANAJEMEN FILE PADA INTERNAL / EKSTERNAL MEMORI ANDROID MENGGUNAKAN WIRELESS TETHERING;Sistim Operasi dan Jaringan
Mekanisme Transisi IPv4 dan IPv6 Menggunakan Metode Automatic Tunneling Pada Jaringan Client Server Berbasis Linux;Sistim Operasi dan Jaringan
"Pengkelasan Teks Hadis dalam Kitab Shahih
Bukhari berdasarkan kepada Perawi dengan
menggunakan Teori Graf";Algoritma dan Struktur Data
IDENTIFIKASI JENIS-JENIS BURUNG LOVEBIRD MENGGUNAKAN PENGOLAHAN CITRA DIGITAL DENGAN METODE K-MEANS CLUSTERING;Grafik
"Pengolahan Citra dengan Segmentasi Thresholding untuk
Pemilihan Kualitas Telur Asin
";Grafik
"PENGOLAHAN CITRA DIGITAL UNTUK MENDETEKSI OBYEK MENGGUNAKAN PENGOLAHAN WARNA MODEL NORMALISASI RGB  
 ";Grafik
PENGUJIAN ALGORITMA PEMBAGIAN BEBAN KOMPUTASI VIRTUAL SERVER PADA HAPROXY;Sistim Operasi dan Jaringan
OTOMATISASI PEMUSATAN JARINGAN IPV4 dan IPV6 MENGGUNAKAN RIVERBED MODELER;Sistim Operasi dan Jaringan
Pengukuran Beban Kerja Mental dalam Searching Task dengan Metode Rating Scale Mental Effort(RSME);Database dan Sistim Retrieval Informasi
Pengukuran Kualitas Sistem Pencitraan Radiografi Digital Sinar-X;Grafik
PANGAMANAN PESAN MENGGUNAKAN KRIPTOGRAFI CAESAR CIPHER DAN STEGANOGRAFI EOF PADA CITRA;Algoritma dan Struktur Data
"PENJADWALAN CLEANING SERVICE MENGGUNAKAN
ALGORITMA GENETIKA";Database dan Sistim Retrieval Informasi
Penjadwalan Mata Kuliah Menggunakan Algoritma Backjumping dengan Pengurutan Dinamis (Studi Kasus: Stika Madiun);Sistim Operasi dan Jaringan
Penyelesaian Masalah Pewarnaan pada Graf dengan Algoritma Genetika;Database dan Sistim Retrieval Informasi
Aplikasi Kriptografi Dengan Menggunakan Algoritma Elgamal Berbasis Java Desktop Pada Pt. Wahana Indo Trada Nissan Jatake;Algoritma dan Struktur Data
PERANCANGAN APLIKASI MEDIA PEMBELARAN KRIPTOGRAFI PLAYFAIR CIPHER;Algoritma dan Struktur Data
PERAMALAN BEBAN PUNCAK LISTRIK JANGKA PENDEK MENGGUNAKAN METODE JARINGAN SYARAF TIRUAN;Artificial Intelligance dan Robotik
PERAMALAN IRRADIANCE CAHAYA MATAHARI PADA SEL SURYA UNTUK MEMENUHI KEBUTUHAN ENERGI LISTRIK  DENGAN METODE SUPPORT VECTOR REGRESSION (SVR) ;Artificial Intelligance dan Robotik
"PERAN ALGORITMA CAESAR CIPHER DALAM
MEMBANGUN KARAKTER AKAN KESADARAN
KEAMANAN INFORMASI ";Algoritma dan Struktur Data
Perancangan Algoritma Kriptografi Stream Cipher dengan Chaos;Algoritma dan Struktur Data
Perancangan Aplikasi Denoise Citra Dengan Menerapkan New Daptive Based Median Filter;Grafik
PERANCANGAN APLIKASI KEAMANAN DATA EMAIL MENGGUNAKAN ALGORITMA ENKRIPSI RC6 BERBASIS ANDROID;Algoritma dan Struktur Data
"PERANCANGAN APLIKASI MONITORING SCHEDULE EKSPOR
DENGAN WEB DAN SMS GATEWAY DI PT DMC
TEKNOLOGI INDONESIA";Sistim Operasi dan Jaringan
PERANCANGAN APLIKASI PENGAMANAN FILE TEKS MENGGUNAKAN ALGORITMA EL GAMAL DAN KOMPRESI FILE TEKS MENGGUNAKAN ALGORITMA HUFFMAN;Algoritma dan Struktur Data
"PERANCANGAN APLIKASI PENGAMANAN PESAN DENGAN
ALGORITMA CAESAR CHIPER";Algoritma dan Struktur Data
IMPLEMENTASI KEAMANAN WIRELESS LAN MENGGUNAKAN SNORT DAN IPTABLES;Sistim Operasi dan Jaringan
PERANCANGAN APLIKASI STEGANOGRAFI PENYISIPAN TEXT PADA CITRA DENGAN ALGORITMA PIXEL INDICATOR;Grafik
Perancangan dan Analisis Kinerja Private Cloud Computing dengan Layanan Infrastructure-As-A-Service (IAAS);Algoritma dan Struktur Data
Perancangan dan Analisis Redistribution Routing Protocol OSPF dan EIGRP;Sistim Operasi dan Jaringan
Perancangan Dan Implementasi Alat Penyortiran Kotak Berbasis Rfid Pada Konveyor Dengan Metode Searching;Database dan Sistim Retrieval Informasi
IMPLEMENTASI GENERATE VOUCHER HOTSPOT DENGAN BATASAN WAKTU (TIME BASED) DAN KUOTA (QUOTA BASED) MENGGUNAKAN USER MANAGER DI MIKROTIK;Sistim Operasi dan Jaringan
PERANCANGAN DAN IMPLEMENTASI VIRTUALISASI SERVER MENGGUNAKAN PROXMOX VE 3.4;Sistim Operasi dan Jaringan
Perancangan dan Simulasi Deteksi Penyakit Tanaman Jagung Berbasis Pengolahan Citra Digital Menggunakan Metode Color Moments dan GLCM;Grafik
PERANCANGAN DATA WAREHOUSE DAN PENERAPAN DATA MINING PADA DATA PENJUALAN PD XYZ ;Artificial Intelligance dan Robotik
IMPLEMENTASI PROTOKOL NSTREME WIRELESS MIKROTIK UNTUK MENINGKATKAN THROUGHPUT;Sistim Operasi dan Jaringan
Analisis dan Perancangan Jaringan Wireless Dengan Wireless Distribution System Menggunakan User Authentication Berbasis Multi-Factor Authentication;Sistim Operasi dan Jaringan
PERANCANGAN DAN IMPLEMENTASI SISTEM MONITORING JARINGAN WI-FI MENGGUNAKAN MIKHMON ONLINE DI WISMA MUSLIM KLITREN GONDOKUSUMAN YOGYAKARTA;Sistim Operasi dan Jaringan
PERANCANGAN SISTEM PENDETEKSI GENANGAN AIR POTENSI PERKEMBANGBIAKAN NYAMUK MELALUI FOTO CITRA UDARA DENGAN METODE GRAY LEVEL CO-OCCURRENCE MATRIX (GLCM) ;Grafik
Perancangan Sistem Pendeteksi Leukoplakia Melalui Citra Klinis Rongga Mulut Berbasis Gray Level Co-occurrence Matrix Dan K-nearest Neighbor;Grafik
"PERANCANGAN SISTEM PENJADWALAN UJIAN
MENGGUNAKAN ALGORITMA GENETIKA PADA
STMIK AMIKOM PURWOKERTO";Database dan Sistim Retrieval Informasi
Analisis Sistem Kriptografi dalam Mengamankan Data Pesan Dengan Metode One Time Pad Cipher;Algoritma dan Struktur Data
PERANCANGAN JARINGAN MANAJEMEN BANDWIDTH DAN HOTSPOT LOGIN VIA AKUN SOSIAL MEDIA MENGGUNAKAN MIKROTIK Studi Kasus UPT-PK Mojokerto;Sistim Operasi dan Jaringan
"PERANCANGAN, IMPLEMENTASI, DAN ANALISIS KINERJA VIRTUALISASI
SERVER MENGGUNAKAN PROXMOX, VMWARE ESX, DAN OPENSTACK";Sistim Operasi dan Jaringan
ANALISA PERFORMA APACHE HADOOP DENGAN H2O MENGGUNAKAN BENCHMARK HIBENCH VIA CLOUD COMPUTING;Algoritma dan Struktur Data
"PERBANDINGAN ALGORITMA APRIORI DAN FP-GROWTH UNTUK PEREKOMENDASI BUKU PADA TRANSAKSI PEMINJAMAN DI PERPUSTAKAAN UNIVERSITAS DIAN NUSWANTORO
";Artificial Intelligance dan Robotik
"PERBANDINGAN ALGORITMA ECLAT DAN FP-GROWTH PADA PENJUALAN BARANG  (STUDI KASUS: MINIMARKET 212 MART VETERAN UTAMA) 
 ";Artificial Intelligance dan Robotik
PERBANDINGAN ALGORITMA INSERTION SORT DENGAN MERGE SORT PADA BAHASA PEMROGRAMAN C DAN JAVA;Database dan Sistim Retrieval Informasi
"IMPLEMENTASI
ALGORITMA BUBBLE SORT DAN SELECTION SORT
MENGGUNAKAN ARRAYLIST MULTIDIMENSI
PADA PENGURUTAN DATA MULTI PRIORITAS";Database dan Sistim Retrieval Informasi
"PERBANDINGAN DAN REKOMENDASI SERVER SEBAGAI PENYEDIA
LAYANAN INFRASTRUKTUR CLOUD COMPUTING";Algoritma dan Struktur Data
Perbandingan Efisiensi, Efektifitas dan Kualitas Algoritma Rijndael dengan Algoritma Camellia pada Citra Digital;Algoritma dan Struktur Data
INFORMATION RETRIEVAL & PERHITUNGAN KEMIRIPAN DOKUMEN PADA INDONESIAN HERITAGE LIBRARY MENGGUNAKAN VECTOR SPACE MODEL;Database dan Sistim Retrieval Informasi
Perbandingan Kecepatan Gabungan Algoritma Quick Sort dan Merge Sort dengan Insertion Sort, Bubble Sort dan Selection Sort;Database dan Sistim Retrieval Informasi
IMPLEMENTASI METODE QUICK SORT DALAM SISTEM PEMERIKSAAN PASIEN KLINIK FISIOTERAPI WIDYA HUSADA SEMARANG;Database dan Sistim Retrieval Informasi
Perbandingan Kemampuan Database NoSQL dan SQL dalam Kasus ERP Retail;Database dan Sistim Retrieval Informasi
Perbandingan Metode Sobel, Metode Prewitt dan Metode Robert Untuk Deteksi Tepi Objek Pada Aplikasi  Pengenalan Bentuk Berbasis Citra Digital ;Grafik
PENGOLAH CITRA SEBAGAI SOLUSI KEMACETAN DI KOTA BESAR;Grafik
"PENERAPAN OPERASI MORFOLOGI
MATEMATIKA CITRA DIGITAL UNTUK
EKSTRAKSI AREA PLAT NOMOR
KENDARAAN BERMOTOR";Grafik
Perbandingan Performa Kombinasi Algoritma Pengurutan Quick-Insertion Sort dan Merge-Insertion Sort;Database dan Sistim Retrieval Informasi
Perbandingan Pewarnaan Citra Grayscale Menggunakan Metode K-Means Clustering dan Agglomerative Hierarchical Clustering;Grafik
PERBANDINGAN QUALITY OF SERVICE (QOS) JARINGAN 4G LTE BEBERAPA PROVIDER MENGGUNAKAN SISTEM OPERASI LINUX UBUNTU SERVER 18.10;Sistim Operasi dan Jaringan
Perbandingan Redistribusi Routing Protokol Dinamis pada Exterior Gateway Protokol;Sistim Operasi dan Jaringan
Perbandingan Route Redistribute Protokol Routing Dinamik Pada IPv6 ( Studi Kasus : EIGRP untuk IPv6 dengan OSPFv3 dan EIGRP dengan ISIS pada IPv6);Sistim Operasi dan Jaringan
Analisis Perbandingan MetodeInterior Gateway ProtocolRIP DenganOSPF PadaJaringanMPLS-VPLS ;Sistim Operasi dan Jaringan
"PERBANDINGAN STRATEGI REPLIKASI PADA SISTEM
BASIS DATA TERDISTRIBUSI
";Database dan Sistim Retrieval Informasi
"Perbandingan Virtual Private Network
Protokol Menggunakan Point to Point Tunnel Protocol dan
OpenVPN";Sistim Operasi dan Jaringan
Perencanaan Virtualisasi Layanan Pengadaan Secara Elektronik Pemerintah Kabupaten Badung Menggunakan Metode Blue Ocean Strategy dan Balanced Scorecard;Sistim Operasi dan Jaringan
PERFORMANCE COMPARISON BETWEEN SUPPORT VECTOR REGRESSION AND ARTIFICIAL NEURAL NETWORK FOR PREDICTION OF OIL PALM PRODUCTION ;Artificial Intelligance dan Robotik
PERMASALAHAN EMPAT WARNA DALAM TEORI PEWARNAAN GRAF;Algoritma dan Struktur Data
"PREDIKSI HARGA CRUDE PALM OIL MENGGUNAKAN METODE SUPPORT 
VECTOR MACHINE DENGAN OPTIMASI PARAMETER MENGGUNAKAN 
ALGORITMA GENETIKA ";Artificial Intelligance dan Robotik
Prediksi Indeks Harga Saham dengan Metode Gabungan Support Vector Regression dan Jaringan Syaraf Tiruan ;Artificial Intelligance dan Robotik
Prediksi Kepribadian Big 5 Pengguna Twitter dengan Support Vector Regression ;Artificial Intelligance dan Robotik
PREDIKSI MAHASISWA DROP OUT MENGGUNAKAN METODE SUPPORT VECTOR MACHINE ;Artificial Intelligance dan Robotik
PREDIKSI REPLANTING LAHAN KELAPA SAWIT DENGAN MENGGUNAKAN METODE K-NEAREST NEIGHBOR PADA PTPN IV ADOLINA;Artificial Intelligance dan Robotik
"Preprocessing pada Segmentasi Citra Paru-Paru dan Jantung
Menggunakan Anisotropic Diffusion Filter";Grafik
Protokol Routing pada Vanet: Taksonomi dan Analisis Perbandingan antara Dsr, Aodv, dan Tora;Sistim Operasi dan Jaringan
PROTOTIPE INFRASTRUKTUR SOFTWARE-DEFINED NETWORK DENGAN PROTOKOL OPENFLOW MENGGUNAKAN UBUNTU SEBAGAI KONTROLER;Sistim Operasi dan Jaringan
"PROTOTYPE MODEL KEAMANAN DATA MENGGUNAKAN
KRIPTOGRAFI DATA ENCRYPTION STANDAR
(DES) DENGAN MODE OPERASI
CHIPER BLOCK CHAINING
(CBC)
";Algoritma dan Struktur Data
"Rancang Bangun Aplikasi CRM Fleet Management System
dengan Algoritma Searching Sequential";Database dan Sistim Retrieval Informasi
Rancang Bangun Aplikasi Kraepelin Test Berbasis Web Menggunakan Metode Bubble Sort;Database dan Sistim Retrieval Informasi
RANCANG BANGUN APLIKASI KRIPTOGRAFI EMAIL GMAIL MENGGUNAKAN ALGORITMA RC4;Algoritma dan Struktur Data
Implementasi jaringan virtual private network dengan teknologi Multi Protocol Label Switching (MPLS);Sistim Operasi dan Jaringan
RANCANG BANGUN MULTIMEDIA PEMBELAJARAN BERBASIS MODEL COOPERATIVE LEARNING TIPE TEAM ASSISTED INDIVIDUALIZATION MATERI MANAJEMEN MEMORI UNTUK MENINGKATKAN HASIL BELAJAR MAHASISWA;Sistim Operasi dan Jaringan
Rancang Bangun Pembelajaran Jaringan Server dengan Sistem Server Cloud Virtual (Hypervisor);Sistim Operasi dan Jaringan
Analisa Perbandingan Management IP Dengan VLAN Tagging Menggunakan IPv4 Dan IPv6 Di Jaringan Internet Jurusan Elektro ITN Malang;Sistim Operasi dan Jaringan
"Rancang Bangun Sistem Business Intelligence Universitas Sebagai Pendukung Pengambilan Keputusan Akademik
";Artificial Intelligance dan Robotik
Rancang Bangun Sistem Enterprise Resource Planning pada Modul Procurement Process (Purchasing) Berorientasikan Multi-Tenancy dengan Sistem Basis Data Terdistribusi;Database dan Sistim Retrieval Informasi
RANCANG BANGUN SISTEM PENGOLAHAN DATA ANAK PADA PANTI ASUHAN DENGAN METODE SEARCHING (Studi Kasus : LKSA PAY ROHADI KALIWUNGU);Database dan Sistim Retrieval Informasi
Analisis Kinerja Routing Protocol Low Power and Lousy NetworkPada Contiki Cooja dengan Menggunakan Metode Time of Arrival;Sistim Operasi dan Jaringan
Market Basket Analysis Menggunakan Algoritma Generalized Sequential Pattern (Kasus Data Transaksi Penjualan PT.X di Kota Malang Tahun 2017);Artificial Intelligance dan Robotik
RANCANGAN TEKNOLOGI VIRTUALISASI UNTUK OPTIMALISASI SERVER DI UNIVERSITAS ASAHAN;Sistim Operasi dan Jaringan
Rancangan Virtualisasi Server Menggunakan VMWare Vsphare;Sistim Operasi dan Jaringan
"Fuzzy Linear Progaming Dalam Optimalisasi Pelayanan Air Bersih
Perusahaan Daerah Air Minum (PDAM) Kab. Jeneponto
Menggunakan Metode Sabiha";Artificial Intelligance dan Robotik
REDUKSI NOISE SALT AND PAPER PADA CITRA PANKROMATIK MENGGUNAKAN METODE WEIGHTED MEAN FILTER;Grafik
REPLIKASI BASIS DATA PADA SISTEM PENGOLAHAN DATA AKADEMIK UNIVERISTAS KATOLIK SANTO THOMAS;Database dan Sistim Retrieval Informasi
Segmentasi Citra Paru Menggunakan Metode k-Means Clustering;Grafik
"Segmentasi PSO Pararel GPGPU Untuk Pengenalan Citra
Aksara Jawa";Grafik
PEMANFAATAN CLOUD COMPUTING MENGGUNAKAN NEXTCLOUD PADA LAB SMK NEGERI 1 MUARO JAMBI;Algoritma dan Struktur Data
"Service Availability dan Performa Sumber Daya Prosessor pada Infrastruktur Server Virtual
 Dadan Irwan";Sistim Operasi dan Jaringan
Simulasi Dan Analisis Kinerja Protokol Routing Ebgp Pada Sdn (software Defined Network);Sistim Operasi dan Jaringan
"SIMULASI INTERKONEKSI ANTARA AUTONOMOUS SYSTEM (AS)
MENGGUNAKAN BORDER GATEWAY PROTOCOL (BGP)";Sistim Operasi dan Jaringan
SIMULASI PEMROSESAN TRANSAKSI BASIS DATA DENGAN STUDI KASUS SISTEM REKENING PERBANKAN DATABASE TRANSACTION PROCESSING SIMULATION WITH BANKING ACCOUNT SYSTEM CASE STUDY;Database dan Sistim Retrieval Informasi
SISTEM IDENTIFIKASI CITRA KAYU BERDASARKAN TEKSTUR MENGGUNAKAN GRAY LEVEL COOCURRENCE MATRIX (GLCM) DENGAN KLASIFIKASI JARAK EUCLIDEAN ;Grafik
"SISTEM INFORMASI MODUL PENJADWALAN
TUGAS AKHIR
(STUDI KASUS: JURUSAN TEKNIK INFORMATIKA) ";Sistim Operasi dan Jaringan
Sistem Informasi Perpustakaan dengan Arsitektur Lima Simpul dan Basisdata Terdistribusi;Database dan Sistim Retrieval Informasi
"SISTEM KLASIFIKASI DAN PENCARIAN JURNAL DENGAN MBNGGUNAKAN METODE NAIVE BAYES DAN VECTOR SPACE MODEL
";Artificial Intelligance dan Robotik
SISTEM PAKAR DIAGNOSIS PENYAKIT MATA MENGGUNAKAN NAiVEBAYES CLASSIFIER;Artificial Intelligance dan Robotik
Sistem Pakar Identifikasi Modalitas Belajar Siswa Dengan Implementasi Algoritma C4.5;Artificial Intelligance dan Robotik
SISTEM PAKAR MENDIAGNOSA VIRUS PADA UDANG VANNAMEI DENGAN IMPLEMENTASI METODE CBR (CASE-BASED REASONING) DAN CERTAINTY FACTOR;Artificial Intelligance dan Robotik
SISTEM PAKAR PENENTUAN BAKAT ANAK DENGAN MENGGUNAKAN METODE FORWARD CHAINING;Artificial Intelligance dan Robotik
SISTEM PENDUKUNG KEPUTUSAN ANALISA POLA PENJUALAN BARANG DENGAN ALGORITMA  APRIORI (STUDI KASUS: LUCKY SWALAYAN) ;Artificial Intelligance dan Robotik
SISTEM PENDUKUNG KEPUTUSAN PEMILIHAN PRAMUGARI TERBAIK MENGGUNAKAN METODE ELECTRE ( STUDI KASUS : MALAYSIA AIRLINES BERHAD );Artificial Intelligance dan Robotik
SISTEM PENJADWALAN KULIAH MENGGUNAKAN METODE ALGORITMA GENETIKA (STUDI KASUS: FAKULTAS KEDOKTERAN DAN KESEHATAN UNIVERSITAS MUHAMMADIYAH JAKARTA);Database dan Sistim Retrieval Informasi
SISTEM PENJADWALAN OTOMATIS TEMPAT KHUTBAH JUMÍAT MUBALIGH1Nuraisyah;Sistim Operasi dan Jaringan
Sistem Penjadwalan Perkuliahan Pada Universitas Musamus Menggunakan Algoritma Genetika Berbasis Web;Database dan Sistim Retrieval Informasi
SISTEM SKORING OTOMATIS UNTUK DATA JAWABAN ESAI DENGAN MENGGUNAKAN PENDEKATAN KOMPUTASI: CLUSTERING DAN CONVOLUTIONAL NEURAL ;Artificial Intelligance dan Robotik
STUDI ANALISIS PERFORMANSI PROTOKOL ROUTING IS-IS DAN OSPFv3 PADA IPv6 UNTUK LAYANAN VIDEO STREAMING;Sistim Operasi dan Jaringan
STUDI KOMPARASI KLASIFIKASI POLA TEKSTUR CITRA DIGITAL MENGGUNAKAN METODE K-MEANS DAN NA“VE BAYES;Grafik
STUDI KOMPARATIF ANTARA PARAREL VIRTUAL MACHINE (PVM) DAN MESSAGE PASSING ;Sistim Operasi dan Jaringan
Studi Konversi Sintaks Object Modeling Technique (OMT) Ke Sintaks Structure Query Language (SQL) (Studi Kasus Sistem Pendaftaran Siswa Lembaga Bimbingan Belajar);Database dan Sistim Retrieval Informasi
"FENOTIPING DIGITAL TANAMAN: TINJAUAN TERHADAP
TEKNOLOGI DAN ALGORITMA PENGOLAHAN CITRA";Grafik
Support Vector Machine Untuk Klasifikasi Citra Jenis Daging Berdasarkan Tekstur Menggunakan Ekstraksi Ciri Gray Level Co-Occurrence Matrices (GLCM);Grafik
SUPPORT VECTOR REGRESSION UNTUK PREDIKSI PRODUKTIVITAS KELAPA SAWIT DI PROVINSI RIAU  ;Artificial Intelligance dan Robotik
"TEKNIK AKUISISI VIRTUALISASI SERVER MENGGUNAKAN METODE
LIVE FORENSIC";Sistim Operasi dan Jaringan
TUG SYNOPSIS UNTUK HIMPUNAN DATABASE RELASIONAL;Database dan Sistim Retrieval Informasi
Uji Virtualisasi OpenVZ pada Debian 6;Sistim Operasi dan Jaringan
"ANALISIS DAN PERANCANGAN BASIS DATA
TERDISTRIBUSI PENGOLAHAN DATA POLIS ASURANSI
MENGGUNAKAN METODE REPLIKASI ASYNCRONOUS
PADA PT.VIDEI KANTOR CABANG PALEMBANG ";Database dan Sistim Retrieval Informasi
