judul;label
PERANCANGAN SISTEM PENJADWALAN UJIANMENGGUNAKAN ALGORITMA GENETIKA PADASTMIK AMIKOM PURWOKERTO;sistem operasi dan jaringan
Image Processing dan Artifical Neural Network Untuk Mengenali Nomor Induk Kependudukan Pada KTP Sebagai Pendukung Layanan Mandiri di Kantor Desa;grafik
Implementasi Business Intelligence untuk Menganalisis Data Persalinan Anak di Klinik Ani Padang dengan Menggunakan Aplikasi Tableau Public;artificial intelligance dan robotik
PENERAPAN ALGORITMA DIJKSTRA DAN PRIM PADA PENDISTRIBUSIAN AIR DI PDAM KABUPATEN DEMAK;algoritma dan struktur data
Sistem Penjadwalan Perkuliahan Pada Universitas Musamus Menggunakan Algoritma Genetika Berbasis Web;sistem operasi dan jaringan
Analisis Perbandingan Kinerja Protokol Routing DSDVdan OLSR Untuk Perubahan Kecepatan Mobilitas padaStandar IEEE 802.11ah;sistem operasi dan jaringan
Analisis Probabilitas Gempa Dengan Metode Gaussian Dan Besarnya Nilai Peak Ground Acceleration (PGA) Yang Berpengaruh Di Wilayah YOGYAKARTA;algoritma dan struktur data
Analisis Perbandingan Performasi Protokol RoutingAODV Dan DSR Pada Mobile Ad-Hoc Network(MANET);sistem operasi dan jaringan
ANALISIS TEKSTUR PADA CITRA MOTIF BATIK UNTUK KLASIFIKASI MENGGUNAKAN K-NN;grafik
Analisis Implementasi Low Cost Cluster- High Performance Computing;algoritma dan struktur data
RANCANGAN TEKNOLOGI VIRTUALISASI UNTUK OPTIMALISASI SERVER DI UNIVERSITAS ASAHAN;sistem operasi dan jaringan
PENERAPAN DATA MININGPADA PERUSAHAAN RITAIL PAKAIAN UNTUK MEMPREDIKSI KETERSEDIAAN JENIS BARANG DENGAN MENGGUNAKAN ALGORITMA FP-GROWTH;artificial intelligance dan robotik
SISTEM SKORING OTOMATIS UNTUK DATA JAWABAN ESAI DENGAN MENGGUNAKAN PENDEKATAN KOMPUTASI: CLUSTERING DAN CONVOLUTIONAL NEURAL;artificial intelligance dan robotik
ANALISIS KINERJA VIRTUALISAS SERVER MENGGUNAKAN PROXMOX VEPADA DISHUB KOMINFO SUMATERA SELATAN;sistem operasi dan jaringan
Implementasi Kriptografi Kunci Publik dengan Algoritma RSA-CRT pada Aplikasi Instant Messaging;algoritma dan struktur data
Pengkelasan Teks Hadis dalam Kitab ShahihBukhari berdasarkan kepada Perawi denganmenggunakan Teori Graf;algoritma dan struktur data
Identifikasi Citra Daun Menggunakan Morfologi, Local Binary Patterns dan Convex Hulls;grafik
Optimasi Penjadwalan Mata Pelajaran MenggunakanAlgoritma Genetika (Studi Kasus : SMPN 1 GondangMojokerto);sistem operasi dan jaringan
ANALISIS ALGORITMA FP-GROWTH UNTUK REKOMENDASI PRODUK PADA DATA RETAIL PENJUALAN PRODUK KOSMETIK (STUDI KASUS : MT SHOP KELAPA GADING);artificial intelligance dan robotik
BASIS DATA TERDISTRIBUSI PADA PENJUALAN HASIL PRODUKSI DI TOKO CLOTHING V-CASTRO;database dan sistim retrieval informasi
KOMPARASI ALGORITMA KLASIFIKASI TEXT MINING UNTUK ANALISIS SENTIMEN PADA REVIEW RESTORAN;artificial intelligance dan robotik
RANCANG BANGUN MULTIMEDIA PEMBELAJARAN BERBASIS MODEL COOPERATIVE LEARNING TIPE TEAM ASSISTED INDIVIDUALIZATION MATERI MANAJEMEN MEMORI UNTUK MENINGKATKAN HASIL BELAJAR MAHASISWA;sistem operasi dan jaringan
IMPORTANCE PERFORMANCE ANALYSIS (IPA) UNTUK MENGETAHUI KEPUASAN PELAYANAN MELALUI KUALITAS LAYANAN ASTON BRAGA HOTEL & RESIDANCE BANDUNG 2018;database dan sistim retrieval informasi
IDENTIFIKASI MACAN TUTUL DENGAN METODE GREY LEVEL COOCURENT MATRIX ( GLCM);grafik
Gabungkan, Sortir Penggabungan-Penyisipan, Sortir Penggabungan-Seleksi, Penggantian, Algoritma Penyortiran;database dan sistim retrieval informasi
Analisis dan Perancangan Sistem Informasi Manajemen Penjadwalan Praktikum MenggunakanAlgoritma Genetika di LaboratoriumFakultas Teknologi PertanianUniversitas Jambi;sistem operasi dan jaringan
Artificial Intelligence (AI) Susun Angka Bentuk Kotak 4 X 4 Menggunakan Pencarian Heuristik Dengan Algoritma Bfs;artificial intelligance dan robotik
ANALISIS SISTEM KEAMANAN PADA SISTEM OPERASI MICROSOFT WINDOWS, LINUX DAN MACINTOSH;sistem operasi dan jaringan
EKSTRAKSI CIRI GRAY LEVEL CO-OCCURRENCE MATRIX DAN PROBABILISTIC NEURAL NETWORK UNTUK PENGENALAN CACAT PENGELASAN;grafik
OPTIMASI PENJADWALAN MATA KULIAH MENGGUNAKAN METODEALGORITMA GENETIKA DENGAN TEKNIK TOURNAMENT SELECTION;sistem operasi dan jaringan
PERBANDINGAN ISOLATION LEVEL PADA TRANSAKSI KARTU RENCANA STUDI (KRS) (STUDI PADA KRS ONLINE UNIVERSITAS XYZ);database dan sistim retrieval informasi
Identifikasi Tumbuhan Obat Herbal Berdasarkan Citra Daun Menggunakan Algoritma Gray Level Co-occurence Matrix dan K-Nearest Neighbor;grafik
IMPLEMENTASI SISTEM KEAMANAN FILE DENGAN METODE STEGANOGRAFI EOF DAN ENKRIPSI CAESAR CIPHER;algoritma dan struktur data
Implementasi Algoritma Apriori dan FP-Growth Untuk Menentukan Persediaan Barang;artificial intelligance dan robotik
Information Retrieval dengan Menggunakan Metode Latent Semantik Indexing (LSI) pada Proses Searching dan Klasifikasi Buku: Studi Kasus Perpustakaan STMIK Bumigora;database dan sistim retrieval informasi
OPTIMALISASI PENJADWALAN PEMADAMAN HOTSPOTKEBAKARAN HUTAN DAN LAHAN MENGGUNAKANALGORITMA GENETIK;sistem operasi dan jaringan
ALGORITMA ROUTING DI LINGKUNGAN JARINGAN GRID MENGGUNAKANTEORI GRAF;algoritma dan struktur data
Rancang Bangun Pembelajaran Jaringan Server dengan Sistem Server Cloud Virtual (Hypervisor);sistem operasi dan jaringan
Perbandingan Efisiensi, Efektifitas dan Kualitas Algoritma Rijndael dengan Algoritma Camellia pada Citra Digital;grafik
KERNEL-BASED VIRTUAL MACHINE UNTUK VIRTUALISASI DATABASE SEBAGAI SOLUSI KEBUTUHAN PERANGKAT KERAS STUDI KASUS IMPLEMENTASI SISTEM INFORMASI KLINIK KECANTIKAN;sistem operasi dan jaringan
PENGUKURAN PROBABILITAS KEBANGKRUTAN OBLIGASI PERUSAHAAN DENGAN MODEL FIRST PASSAGE TIME;algoritma dan struktur data
PREDIKSI HARGA CRUDE PALM OIL MENGGUNAKAN METODE SUPPORT VECTOR MACHINE DENGAN OPTIMASI PARAMETER MENGGUNAKAN ALGORITMA GENETIKA;artificial intelligance dan robotik
Penggunaan Algoritma Kriptografi SteganografiLeast Significant Bit Untuk Pengamanan PesanTeks dan Data Video;algoritma dan struktur data
Prediksi Kepribadian Big 5 Pengguna Twitter dengan Support Vector Regression;artificial intelligance dan robotik
Aplikasi Prediksi Pola Pembelian Customer dengan Metode Market Basket Analysis pada PT. Capella Medan;artificial intelligance dan robotik
ANALISIS LIVE FORENSICS UNTUK PERBANDINGAN APLIKASI INSTANT MESSENGER PADA SISTEM OPERASI WINDOWS 10;sistem operasi dan jaringan
Implementasi Sistem Terdistribusi Load Balancing Haproxy dan Replikasi MySQL;database dan sistim retrieval informasi
PERANCANGAN, IMPLEMENTASI, DAN ANALISIS KINERJA VIRTUALISASISERVER MENGGUNAKAN PROXMOX, VMWARE ESX, DAN OPENSTACK;sistem operasi dan jaringan
Analisis Kinerja Metode Support Vector Regression (SVR) dalam Memprediksi Indeks Harga Konsumen;artificial intelligance dan robotik
SIMULASI PEMROSESAN TRANSAKSI BASIS DATA DENGAN STUDI KASUS SISTEM REKENING PERBANKAN DATABASE TRANSACTION PROCESSING SIMULATION WITH BANKING ACCOUNT SYSTEM CASE STUDY;database dan sistim retrieval informasi
APLIKASI KAMUS ISTILAH NEUROLOGY BERBASIS MOBILE MENGGUNAKAN METODE SEQUENTIAL SEARCH;database dan sistim retrieval informasi
APLIKASI ALGORITMA BELLMAN – FORD DALAM MEMINIMUMKAN BIAYA OPERASIONAL RUTE PENERBANGAN;algoritma dan struktur data
PENERAPAN WEB SERVICE PADA APLIKASI SISTEM AKADEMIK PADAPLATFORM SISTEM OPERASI MOBILE ANDROID;sistem operasi dan jaringan
Desain Wide Area Monitoring Pada Sistem Tenaga Listrik Menggunakan Least Square Support Vector Regression;artificial intelligance dan robotik
APLIKASI KAMUS BAHASA BETAWI BERBASIS ANDROID MENGGUNAKANMETODE SEQUENCIAL SEARCH;database dan sistim retrieval informasi
Pengenalan Wajah dengan Matriks Kookurensi Aras Keabuan dan Jaringan Syaraf Tiruan Probabilistik;grafik
Identifikasi Penyakit Cabai Berdasarkan Gejala Bercak Daun dan Penampakan Conidia Menggunakan Probabilistic Neural Network;grafik
Implementasi Sistem Penjadwalan Akademik Fakultas Teknik Universitas Tanjungpura Menggunakan Metode Algoritma Genetika;sistem operasi dan jaringan
APLIKASI ALGORITMA GREEDY PADA PERSOALAN PEWARNAAN GRAF;algoritma dan struktur data
MENGHITUNG RUTE TERPENDEK MENGGUNAKAN ALGORITMA A* DENGAN FUNGSI EUCLIDEAN DISTANCE;artificial intelligance dan robotik
PERANCANGAN APLIKASI PENGAMANAN PESAN DENGANALGORITMA CAESAR CHIPER;algoritma dan struktur data
Perancangan Supply chain Management (SCM) berbasis mobile dalam Distribusi Pupuk Organik Hydrasil;algoritma dan struktur data
KLASIFIKASI JENIS DAGING BERDASARKAN TEKSTUR MENGGUNAKAN METODE GRAY LEVEL COOCURENT MATRIX;grafik
NETWORKING OPERATING SYSTEM (NOS) BERBASIS SIMULASI MULTIMEDIA;sistem operasi dan jaringan
Implementasi Learning Vektor Quantization (LVQ) dalam Mengidentifikasi Citra Daging Babi dan Daging Sapi;grafik
ANALISIS LIVE FORENSICS UNTUK PERBANDINGAN KEMANANAN EMAIL PADA SISTEM OPERASI PROPRIETARY;sistem operasi dan jaringan
Implementasi Metode Selection Sort Untuk Menentukan Barang Yang Harus Di Stok Ulang Dalam Sistem Informasi Penjualan;database dan sistim retrieval informasi
IMPLEMENTASI ALGORITMA FUZZY EVOLUSI PADA PENJADWALAN PERKULIAHAN;sistem operasi dan jaringan
ANALISIS DAN IMPLEMENTASI CITRA WATERMARKING DENGAN METODE DISCRETE WAVELET TRANSFORM (DWT) – LIFTING WAVELET TRANSFORM (LWT) DAN SINGULAR VALUE DECOMPOSISITION (SVD);grafik
PENGUJIAN ALGORITMA PEMBAGIAN BEBAN KOMPUTASI VIRTUAL SERVER PADA HAPROXY;sistem operasi dan jaringan
PEMANFAATAN METODE CART UNTUK MEMPREDIKSI OMSET SEPATU PRIA;artificial intelligance dan robotik
ANALISA DESAIN PARALELISASI NEEDLEMEN;algoritma dan struktur data
Segmentasi PSO Pararel GPGPU Untuk Pengenalan CitraAksara Jawa;grafik
ANALISIS TEORI GRAF PADA PERSOALAN KNIGHT’S TOUR DENGAN J2ME;algoritma dan struktur data
SISTEM KLASIFIKASI DAN PENCARIAN JURNAL DENGAN MBNGGUNAKAN METODE NAIVE BAYES DAN VECTOR SPACE MODEL;artificial intelligance dan robotik
Pembuatan Kamus Digital Jawa - Indonesia dengan Metode Sequential Searching;database dan sistim retrieval informasi
ASOSIASI DATA MINING MENGGUNAKAN ALGORITMA FP-GROWTH UNTUK MARKET BASKET ANALYSIS;artificial intelligance dan robotik
Failover Gateway Menggunakan Protokol Virtual Router Redundancy Protocol (VRRP) pada Mikrotik Router;sistem operasi dan jaringan
PERANCANGAN DAN IMPLEMENTASI SISTEM REPLIKASI DATABASE TERDISTRIBUSI PADA FAKULTAS TEKNIK UNIVERSITAS HALU OLEO;database dan sistim retrieval informasi
Klasifikasi Citra Batik Menggunakan Jaringan Syaraf Tiruan Berdasarkan Gray Level CoOccurrence Matrices (GLCM);grafik
ANALISIS KOMBINASI METODE CAESAR CIPHER, VERNAM CIPHER, DAN HILL CIPHER DALAM PROSES KRIPTOGRAFI;algoritma dan struktur data
Analisis kepuasan pemustaka terhadap kualitas layanan perpustakaan di perguruan tinggi vokasi dengan metode Servqual dan Importance-Performace Analysis;database dan sistim retrieval informasi
Metode Segmentasi Paru-paru dan Jantung Pada Citra X-Ray Thorax;grafik
Pemodelan Sistem Data Terdistribusi Untuk Mengintegrasikan Data Akademik Dan Keuangan;database dan sistim retrieval informasi
RANCANG BANGUN SISTEM PENGOLAHAN DATA ANAK PADA PANTI ASUHAN DENGAN METODE SEARCHING (Studi Kasus : LKSA PAY ROHADI KALIWUNGU);database dan sistim retrieval informasi
Membangun Sistem Cloud Computing Dengan Implementasi Load Balancing dan Pengujian Algoritma Penjadwalan Linux Virtual Server Pada FTP Server;sistem operasi dan jaringan
Pengaruh Preprocessing Data pada Metode SVR dalam Memprediksi Permintaan Obat;artificial intelligance dan robotik
Komputasi Penentuan Kualitas pada Fiber Optik Berdasarkan Rugi Daya dengan Gaussian Naive Bayes Menggunakan Teknologi CUDA;artificial intelligance dan robotik
Rancang Bangun Aplikasi Kraepelin Test Berbasis Web Menggunakan Metode Bubble Sort;database dan sistim retrieval informasi
OPTIMASI PENJADWALAN PERAWAT MENGGUNAKANALGORITMA GENETIKA;sistem operasi dan jaringan
PREDIKSI REPLANTING LAHAN KELAPA SAWIT DENGAN MENGGUNAKAN METODE K-NEAREST NEIGHBOR PADA PTPN IV ADOLINA;artificial intelligance dan robotik
ANALISIS DETEKSI TEPI UNTUK MENGIDENTIFIKASI POLA DAUN;grafik
IMPLEMENTASI ALGORITMA KRIPTOGRAFI RSAPADA SURATELEKTRONIK (E-Mail);algoritma dan struktur data
DESAIN SISTEM PENJADWALAN MATA KULIAH MENGGUNAKANBAHASA PEMROGRAMAN PHP/MYSQL(STUDI KASUS : STAIN BUKITTINGGI);sistem operasi dan jaringan
APLIKASI JARINGAN SYARAF TIRUAN UNTUK MERAMALKAN BEBAN PEMAKAIAN AIR PADA PDAM KOTA BANDUNG;algoritma dan struktur data
PENGGUNAAN METODE HILL CLIMBING UNTUK PENCARIAN SEKOLAH DASAR DI KECAMATAN CIMAHI TENGAH;artificial intelligance dan robotik
Analisa Performansi Virtualisasi Web Server pada Cloud Computing;sistem operasi dan jaringan
Segmentasi PSO Pararel GPGPU Untuk Pengenalan CitraAksara Jawa;algoritma dan struktur data
PERANCANGAN DATA WAREHOUSE DAN PENERAPAN DATA MINING PADA DATA PENJUALAN PD XYZ;artificial intelligance dan robotik
PERBANDINGAN ALGORITMA ECLAT DAN FP-GROWTH PADA PENJUALAN BARANG (STUDI KASUS: MINIMARKET 212 MART VETERAN UTAMA);artificial intelligance dan robotik
Desain Sistem Rumah Cerdas berbasis Topologi Mesh danProtokol Wireless Sensor Network yang Efisien;sistem operasi dan jaringan
IDENTIFIKASI FASE PENYEMBUHAN LUKA BERBASIS CITRA;grafik
PENGGUNAANMETODEQUANTITATIVEASSOCIATIONRULES UNTUKMENCARIATURANASOSIATIFDARIDATABASE PENGOBATAN;artificial intelligance dan robotik
KLASIFIKASI BATIK MENGGUNAKAN METODE K-NEAREST NEIGHBOUR BERDASARKAN GRAY LEVEL CO-OCCURRENCE MATRICES (GLCM);grafik
Penentuan Pola Pembelian Konsumen pada Indomaret GKB Gresik dengan Metode FP-Growth;artificial intelligance dan robotik
ANALISIS MORFOLOGI JALAN KOTA DENGAN PENERAPAN TEORI GRAF DOMINATING SET;algoritma dan struktur data
RANCANG BANGUN APLIKASI KRIPTOGRAFI EMAIL GMAIL MENGGUNAKAN ALGORITMA RC4;algoritma dan struktur data
NALISIS KINERJA PACKET FILTERING BERBASIS MIKROTIK ROUTERBOARD PADA SISTEM KEAMANAN JARINGAN;sistem operasi dan jaringan
ANALISA OPTIMALISASI BAHASA SQL BERDASARKAN RELATIONAL ALGEBRA PADA KASUS REKAPITULASI MAHASISWA LAYAK WISUDA;database dan sistim retrieval informasi
ANALISIS ALGORITMA FP-GROWTH UNTUK REKOMENDASI PRODUK PADA DATA RETAIL PENJUALAN PRODUK KOSMETIK (STUDI KASUS : MT SHOP KELAPA GADING);artificial intelligance dan robotik
ANALISA PERANCANGAN APLIKASI PENYANDIAN PESAN PADA EMAIL MENGGUNAKAN ALGORITMA KRIPTOGRAFI BLOWFISH;algoritma dan struktur data
PENGEMBANGAN SISTEM OPERASI BERBASIS OPEN SOURCE DALAM PEMILIHAN PAKET DISTRIBUSI UNTUK MENUNJANG KEGIATAN AKADEMIK DILINGKUNGAN UNSIKA;sistem operasi dan jaringan
Rancang Bangun Sistem Business Intelligence Universitas Sebagai Pendukung Pengambilan Keputusan Akademik;artificial intelligance dan robotik
FUNGSI HASH BERBASIS TEORI GRAF: SEBUAH SURVEI;algoritma dan struktur data
APLIKASI KAMUS NAMA ILMIAH TUMBUHANDAN HEWAN BERBASIS ANDROID DENGANMETODE SEQUENTIAL SEARCHING;database dan sistim retrieval informasi
PENERAPAN METODE HILL CLIMBING SEARCH UNTUK PENCARIAN LOKASI TERDEKAT PADA APLIKASI TOKO VIRTUAL BERBASIS ANDROID;artificial intelligance dan robotik
Implementasi Algoritma Route Cipher Dalam Pengamanan File Pdf;algoritma dan struktur data
ANALISA OPTIMASI BAHASA SQL DENGAN INDEXING PADA KASUS MAHASISWA LAYAK MENERIMA BEASISWA PADA PERGURUAN TINGGI;database dan sistim retrieval informasi
Protokol Routing pada Vanet: Taksonomi dan Analisis Perbandingan antara Dsr, Aodv, dan Tora;sistem operasi dan jaringan
SIMULASI INTERKONEKSI ANTARA AUTONOMOUS SYSTEM (AS)MENGGUNAKAN BORDER GATEWAY PROTOCOL (BGP);sistem operasi dan jaringan
DETEKSI KEMERAHAN PADA KULIT WAJAH DENGAN TEKNIK PENGOLAHAN CITRA;grafik
Simulasi Dan Analisis Kinerja Protokol Ruting Ebgp Pada Sdn (software Defined Network);sistem operasi dan jaringan
Pengolahan Citra Digital Untuk Mendeteksi Obyek Menggunakan Pengolahan Warna Model Normalisasi RGB;grafik
Implementasi Kombinasi Caesar dan Affine Cipher untuk Keamanan Data Teks;algoritma dan struktur data
Implementasi Metode Caesar Chiper Alphabet Majemuk Dalam Kriptografi Untuk Pengamanan Informasi;algoritma dan struktur data
Kriptografi untuk Keamanan PengirimanEmail Menggunakan Blowfish dan RivestShamir Adleman (RSA);algoritma dan struktur data
Penerapan Metode Data Mining Market Basket Analysis Terhadap Data Penjualan Produk Pada Toko Oase Menggunakan Algoritma Apriori;artificial intelligance dan robotik
METODE PENDEKATAN MENGHITUNG AGREGASI QUANTILE PADA SISTEM MANAJEMEN DATA DENGAN MENGGUNAKAN STRUKTUR POHON BINER;database dan sistim retrieval informasi
PERBANDINGAN BUBBLE SORT, SHELL SORT DAN KOMBINASI BUBBLE SORT DENGAN SHELL SORT;database dan sistim retrieval informasi
Implementasi Algoritma Kriptografi RC4 Pada DSP TMS320C6713 Sebagai Pendukung Sekuritas Jaringan Komunikasi Voice over Internet Protocol (VoIP);algoritma dan struktur data
Algoritma Bayesian Network Untuk SimulasiPrediksi Pemenang PILKADA MenggunakanMSBNx;database dan sistim retrieval informasi
PELABELAN HARMONIS GANJIL PADA GABUNGAN GRAF ULAR DAN GRAF ULAR BERLIPAT;algoritma dan struktur data
APLIKASI PENCARI KATA DALAM DATABASE KAMUS BAHASA KUTAI MENGGUNAKAN METODE BINARY SEARCH;database dan sistim retrieval informasi
Kriptografi Email menggunakan Algoritma Rivest Code 6 (Rc6) berbasis Java Pada PT. XYZ;algoritma dan struktur data
Pengembangan Penjadwalan Kuliah Menggunakan Metode : Auto Generate Time Table;sistem operasi dan jaringan
ANALISIS KEPUASAN KONSMEN TERHADAP KUALITAS PELAYANAN DAN HARGA PRODUK PADA SUPERMARKET DENGAN MENGGUNAKAN METODE INPORTANCE PERFORMANCE ANALYSUS (IPA);database dan sistim retrieval informasi
Analisa Metode Gabor dan Propbabilistic Neural Network untuk Klasifikasi Citra (Studi Kasus: Citra Daging Sapi dan Babi);grafik
CASE BASED REASONING UNTUK MENDETEKSI HAMA DAN PENYAKIT TANAMAN ANGGREK DENDROBIUM MENGGUNAKAN ALGORITMA SIMILARITAS PROBABILISTIC SYMMETRIC;artificial intelligance dan robotik
OPTIMASI PENJADWALAN MATA KULIAHDENGAN ALGORITMA GENETIKA(Studi Kasus di AMIK JTC Semarang);sistem operasi dan jaringan
Pengukuran Beban Kerja Mental dalam Searching Task dengan Metode Rating Scale Mental Effort(RSME);database dan sistim retrieval informasi
ANALISIS POLA PEMBELIAN KONSUMEN PADA TRANSAKSI PENJUALAN MENGGUNAKAN ALGORITMA APRIORI;artificial intelligance dan robotik
IMPLEMENTASI ALGORITMA GALIL SEIFERAS PADA APLIKASI LYRIC SEARCH BERBASIS ANDROID;database dan sistim retrieval informasi
Analisis proses perkalian matriks paralel menggunakan MPI berbasiskan PC-cluster homegen;algoritma dan struktur data
APLIKASI KRIPTOGRAFI DENGAN METODEVERNAM CIPHER DAN METODE PERMUTASIBINER;algoritma dan struktur data
KOMBINASI KRIPTOGRAFI CAESAR CIPHER DANSTEGANOGRAFI LEAST SIGNIFICANT BIT (LSB) PADA CITRABERFORMAT BITMAP;algoritma dan struktur data
SUPPORT VECTOR REGRESSION UNTUK PREDIKSI PRODUKTIVITAS KELAPA SAWIT DI PROVINSI RIAU;artificial intelligance dan robotik
Perbaikan Probabilitas Lexical Model Untuk Meningkatkan Akurasi Mesin Penerjemah Statistik;algoritma dan struktur data
IMPLEMENTASI SEQUENTIAL SEARCH UNTUK MONITORING LOG CLIENTPADA SERVER LINUX;database dan sistim retrieval informasi
IMPLEMENTASI ALGORITMA NEAREST NEIGHBOR DALAM MENGUKUR TINGKAT KEPUASAN MASYARAKAT PADA PELAYANAN SAMSAT MEDAN SELATAN;artificial intelligance dan robotik
Ektraksi Fitur Citra Paru-Paru Menggunakan Gray Level Co-ocuranceMatriks;grafik
PENERAPAN SISTEM REPLIKASI DAN INTEGRASI BASIS DATA TERDISTRIBUSI PADA PANGKALAN DATA PENDIDIKAN TINGGI (PDPT);database dan sistim retrieval informasi
Analisa Pola Penjualan Obat Menggunakan Algoritma Apriori Pada Apotek Zam-Zam Bogor;artificial intelligance dan robotik
implementasi metode gaussian filter utuk penghapusan noise pada citra menggunakan GPU;grafik
APLIKASI SISTEM PAKAR DIAGNOSA PENYAKIT GINJAL DENGAN METODE DEMPSTER-SHAFER;artificial intelligance dan robotik
ANALISIS POLA PEMBELIAN KONSUMEN PADA TRANSAKSI PENJUALAN MENGGUNAKAN ALGORITMA APRIORI;artificial intelligance dan robotik
APLIKASI KRIPTOGRAFI FILE MENGGUNAKAN ALGORITMA BLOWFISH;algoritma dan struktur data
Support Vector Machine Untuk Klasifikasi Citra Jenis Daging Berdasarkan Tekstur Menggunakan Ekstraksi Ciri Gray Level Co-Occurrence Matrices (GLCM);grafik
IDENTIFIKASI VARIETAS BERDASARKAN WARNA DAN TEKSTUR PERMUKAAN BERAS MENGGUNAKAN PENGOLAHAN CITRA DIGITAL DAN JARINGAN SYARAF TIRUAN;grafik
IMPLEMENTASI ALGORITMA GENERATE AND TEST PADA PENCARIAN RUTE TERPENDEK;artificial intelligance dan robotik
Perancangan Program Voice Recognition untuk AplikasiSearching Pada World Wide Web denganMetode Hidden Markov Model;database dan sistim retrieval informasi
RANCANGAN CASE-BASED REASONING MENGGUNAKAN SORENSON COEFFICIENT;artificial intelligance dan robotik
METODE LOKALISASI ROBOT OTONOM DENGAN MENGGUNAKAN ADOPSI ALGORITMA HEURISTIC SEARCHING DAN PRUNING UNTUK PEMBANGUNAN PETA PADA KASUS SEARCH-AND-SAFE;database dan sistim retrieval informasi
PENGENALAN CITRA TANDA TANGAN MENGGUNAKAN GRAY LEVEL CO-OCCURRENCE MATRIX (GLCM) DAN PROBABILISTIC NEURAL NETWORK (PNN);grafik
Implementasi Algoritme K-Means Sebagai Metode Segmentasi Citra Dalam Identifikasi Penyakit Daun Jeruk;grafik
Pengenalan Citra Logo Kendaraan Menggunakan Metode Gray Level Co-Occurence Matrix (Glcm) dan Jst-Backpropagation;grafik
STUDI KOMPARASI KLASIFIKASI POLA TEKSTUR CITRA DIGITAL MENGGUNAKAN METODE K-MEANS DAN NAÏVE BAYES;grafik
Implementasi Algoritma Genetika Pada AplikasiPenjadwalan Perkuliahan Berbasis Web DenganMengadopsi Model Waterfall(Studi Kasus: STMIK Prabumulih);sistem operasi dan jaringan
Analisis performasi protokol zigbee pada jaringan wireless personal area network (WPAN);sistem operasi dan jaringan
SISTEM PENJADWALAN OTOMATIS TEMPAT KHUTBAH JUM’AT MUBALIGH1Nuraisyah;sistem operasi dan jaringan
PENERAPAN PEWARNAAN GRAF PADA PENJADWALAN UJIAN MENGGUNAKAN ALGORITMAWELSH POWELL;algoritma dan struktur data
SISTEM IDENTIFIKASI CITRA KAYU BERDASARKAN TEKSTUR MENGGUNAKAN GRAY LEVEL COOCURRENCE MATRIX (GLCM) DENGAN KLASIFIKASI JARAK EUCLIDEAN;grafik
PENERAPAN DATA MINING UNTUK ANALISIS POLA PEMBELIAN KONSUMEN DENGAN ALGORITMA FPGROWTH PADA DATA TRANSAKSI PENJUALAN SPARE PART MOTOR;artificial intelligance dan robotik
Penerapan Algoritma FP-Growth Dalam Penentuan Pola Pembelian Konsumen Pada Kain Tenun Medali Mas;artificial intelligance dan robotik
ANALISIS KINERJA TEKNOLOGI VIRTUALISASI SERVER (STUDY KASUS : UNIVERSITAS ASAHAN);sistem operasi dan jaringan
IMPLEMENTASI DATA MINING DENGAN METODE AlGORITMA C4.5 UNTUK MENENTUKAN TINGKAT KELAYAKAN SEPEDA MOTOR BEKAS YANG AKAN DIJUAL (STUDI KASUS UD.NISA MOTOR);artificial intelligance dan robotik
ANALISIS KUALITAS PELAYANANTERHADAP TINGKAT KEPUASAN KONSUMEN MENGGUNAKANMETODE IMPORTANCE PERFORMANCE ANALYSIS DAN CUSTOMERSATISFACTION INDEX PADA UKM GALLERY;database dan sistim retrieval informasi
Implementasi High Availability Server Dengan Teknik Failover Virtual Computer Cluster;sistem operasi dan jaringan
Segmentasi PSO Pararel GPGPU Untuk Pengenalan CitraAksara Jawa;grafik
Deteksi Batik Bojonegoro Menggunakan Metode Gray Level Co-occurrence Matrix (glcm) Dan Naive Bayes;grafik
Implementasi Metode Gray Level Co-occurrence Matrix dalam Identifikasi Jenis Daun Tengkawang;grafik
ESTIMASI POLA CUACA WILAYAH PEKANBARU MENGGUNAKAN PROBABILISTIC NEURAL NETWORK;grafik
Perbandingan Naive Bayes Classifier Dengan Nearest Neighbor Untuk Identifikasi Penyakit Mata;grafik
IMPLEMENTASI DATA MINING UNTUK PENGENALAN KARAKTERISTIK TRANSAKSI CUSTOMER DENGAN MENGGUNAKAN ALGORITMA C4.5;artificial intelligance dan robotik
SISTEM PENJADWALAN KULIAH MENGGUNAKAN METODE ALGORITMA GENETIKA (STUDI KASUS: FAKULTAS KEDOKTERAN DAN KESEHATAN UNIVERSITAS MUHAMMADIYAH JAKARTA);sistem operasi dan jaringan
Penerapan Data Mining Untuk Analisis Pola Pembelian Produk Pada Clapper Movie Café Menggunakan Metode Association Rule;artificial intelligance dan robotik
Komputasi Penentuan Kualitas pada Fiber Optik Berdasarkan Rugi Daya dengan Gaussian Naive Bayes Menggunakan Teknologi CUDA;algoritma dan struktur data
Perbandingan Kecepatan Gabungan AlgoritmaUtama Quick Sort dan Merge Sort dengan AlgoritmaTambahan Insertion Sort, Bubble Sort dan SelectionSort;database dan sistim retrieval informasi
IMPLEMENTASI KRIPTOGRAFI PADA FILE ATTACHMENT EMAIL MENGGUNAKAN ALGORITMA RIJNDAEL;algoritma dan struktur data
KEAMANAN FILE MENGGUNAKAN TEKNIK KRIPTOGRAFI SHIFT CIPHER;algoritma dan struktur data
KLASIFIKASIJENISJERAWATBERDASARKANTEKSTURDENGAN MENGGUNAKANMETODEGLCM;grafik
Penerapan Algoritma K-means Pada Kompresi Adaptif Citra Medis Mri;grafik
Rancang-Bangun Business Intelligence Pada Perpustakaan Sekolah Studi Kasus di SMP Negeri 1 Cisoka;artificial intelligance dan robotik
PERBANDINGAN NAIVE BAYES CLASSIFIER DENGAN NEAREST NEIGHBOR UNTUK IDENTIFIKASI PENYAKIT MATA;grafik
PENERAPAN GRAF PADA PERSIMPANGAN MENGGUNAKAN ALGORITMA WELSH-POWEL UNTUK OPTIMALISASI PENGATURAN TRAFFIC LIGHT;algoritma dan struktur data
PENGENALAN WAJAH DENGAN MATRIKS KOOKURENSIARAS KEABUAN DAN JARINGAN SYARAF TIRUANPROBABILISTIK;grafik
APLIKASI PENCARIAN SHELTER TSUNAMI TERDEKAT DI KOTA PADANG MENGGUNAKAN METODE BEST FIRST SEARCH;artificial intelligance dan robotik
Analisis OverheadServerCloud Infrastructurepada Proxmox VE Hypervisor;algoritma dan struktur data
Data Mining Menggunakan Algoritma Apriori untuk Rekomendasi Produk bagi Pelanggan;artificial intelligance dan robotik
MINIMASI MAKESPAN PADA PENJADWALAN FLOW SHOP MESIN PARALEL PRODUK STEEL BRIDGE B-60 MENGGUNAKAN METODE LONGEST PROCESSING TIME DAN PARTICLE SWARM OPTIMIZATION;sistem operasi dan jaringan
Aplikasi Pembelajaran Angka, Bentuk, Huruf dan Warna Untuk Anak-Anak Menggunakan Metode Computer Assisted Instruction (CAI) Berbasis Android;artificial intelligance dan robotik
OPTIMALISASI PENGGUNAAN HARDWARE SERVER MEMPERGUNAKAN VIRTUALISASI SERVER DI SMAN 1 WONOSARI;sistem operasi dan jaringan
PENCARIAN FILE DENGAN METODE BINARY SEARCHING DAN DENGANPENDEKATAN WILDCARD CHARACTER;database dan sistim retrieval informasi
ANALISIS INTENSITAS METODE PENDETEKSIAN TEPI SOBEL;grafik
PENGOLAHAN CITRA DIGITAL UNTUK MENDETEKSI OBYEK MENGGUNAKAN PENGOLAHAN WARNA MODEL NORMALISASI RGB;grafik
Penentuan Anomali Gayaberat Regional dan Residual Menggunakan FilterGaussian Daerah Mamuju, Sulawesi Barat;grafik
ANALISIS UJI KOMPARASI SISTEM OPERASI PADAANDROID DAN BLACKBERRY;sistem operasi dan jaringan
Prediksi Indeks Harga Saham dengan Metode Gabungan Support Vector Regression dan Jaringan Syaraf Tiruan;artificial intelligance dan robotik
Analisis Quality of Service pada Jaringan Eoip Tunnel dengan Protokol Routing OSPF dan RIPV2;sistem operasi dan jaringan
Analisis Asosiasi pada Transaksi Obat Menggunakan Data Mining dengan Algoritma A Priori;artificial intelligance dan robotik
IMPLEMENTASI ALGORITMA FP-GROWTH MENGGUNAKAN ASSOCIATION RULE PADA MARKET BASKET ANALYSIS;artificial intelligance dan robotik
Implementasi CNN dan SVM untuk Identifikasi Penyakit Tomat via Daun;grafik
Pemanfaatan Ciri Gray Level Co-Occurrence Matrix (GLCM) Citra Buah Jeruk Keprok (Citrus reticulata Blanco) untuk Klasifikasi Mutu;grafik
IMPLEMENTASI TEORI DISTRIBUSI PROBABILITAS GAUSSIAN PADA KUALITAS RANGKAIAN PENYEARAH GELOMBANG PENUH;algoritma dan struktur data
BASIS DATA TERDISTRIBUSIUNTUK APLIKASI KEPENDUDUKAN BERBASIS WEB;database dan sistim retrieval informasi
PENERAPAN PEWARNAAN GRAF PADA PENJADWALAN UJIAN MENGGUNAKAN ALGORITMAWELSH POWELL;algoritma dan struktur data
STUDI POLA SUB-CEKUNGAN HIDROKARBON MENGGUNAKANANALISIS SPECTRAL DECOMPOSITION, PEMODELAN 2D DANPEMODELAN 3D BERDASARKAN DATA GAYABERATDAERAH LONGIRAM, KALIMANTAN TIMUR;grafik
"algoritma apriori; association rule; rekomendasi produk; data mining; promosi item produk";artificial intelligance dan robotik
PROTOTIPE INFRASTRUKTUR SOFTWARE-DEFINED NETWORK DENGAN PROTOKOL OPENFLOW MENGGUNAKAN UBUNTU SEBAGAI KONTROLER;sistem operasi dan jaringan
PENGEMBANGAN MEDIA PEMBELAJARAN BERBASIS MOBILE PADA MATA PELAJARAN BASIS DATA UNTUK SMK;database dan sistim retrieval informasi
Penyelesaian permainan sodoku berbasis 9x9 menggunakan algoritma eliminasi dan tracking guess kage bunshin;algoritma dan struktur data
Klasifikasi Konten Berita Dengan Metode Text Mining SYMMETRIC;artificial intelligance dan robotik
PEMBANGUNAN APLIKASI PEMBANDING KRIPTOGRAFI DENGAN CAESAR CIPHER DAN ADVANCE ENCRYPTION STANDARD (AES) UNTUK FILE TEKS;algoritma dan struktur data
Penerapan Data Mining Dalam Menganalisa Data Penjualan Untuk Mendapatkan Pola Rekomendasi Penjualan Menggunakan Algoritma Apriori Pada K3 Mart;artificial intelligance dan robotik
PERANCANGAN APLIKASI MONITORING SCHEDULE EKSPORDENGAN WEB DAN SMS GATEWAY DI PT DMCTEKNOLOGI INDONESIA;sistem operasi dan jaringan
PENGENALAN JENIS IKAN AIR LAUT DENGAN METODE lEARNING VECTOR QUANTIZATION (LVQ) BERBASIS CITRA;grafik
MODIFIKASI ALGORITMA CAESAR CHIPER DAN RAIL FENCE UNTUK PENINGKATAN KEAMANAN TEKS ALFANUMERIK DAN KARAKTER KHUSUS;algoritma dan struktur data
mobile-SCM, SCM Pupuk Hydrasil;grafik
Preprocessing pada Segmentasi Citra Paru-Paru dan JantungMenggunakan Anisotropic Diffusion Filter;grafik
Penerapan MySQL Cluster untuk Membangun Replikasi Dua Arah Basis Data Terdistribusi dengan Penerapan Metode Fail Over dan Load Balancing;database dan sistim retrieval informasi
Penerapan Metode Data Mining Market Basket Analysis Terhadap Data Penjualan Produk Pada Toko Oase Menggunakan Algoritma Apriori;artificial intelligance dan robotik
Migrasi Sistem Operasi Windows ke Sistem Operasi Linux Sidux pada Laboratorium Jaringan Komputer;sistem operasi dan jaringan
Deteksi Tepi pada Citra Digital menggunakan Metode Kirsch dan Robinson;grafik
IMPLEMENTASI TEXT MINING DALAM KLASIFIKASI BUKU DENGAN METODE NAÏVE BAYES CLASSIFIER STUDI KASUS PADA PERPUSTAKAAN STMIK PPKIA TARAKANITA RAHMAWATI;artificial intelligance dan robotik
FUZZY MULTIPLE ATTRIBUTE DECISION MACKING (FMADM) BERDASARKAN METODE ORESTE UNTUK MENENTUKAN LOKASI PROMOSI (STUDI KASUS: STMIK BUDI DARMA MEDAN);artificial intelligance dan robotik
Implementasi Business Intelligence Pada Manajemen Report Bank XYZ;artificial intelligance dan robotik
Efisiensi aplikasi penjadwalan matakuliah jurusan Teknik Informatika di UIN Maulana Malik Ibrahim Malang dengan GPU (Grapich Processing Unit) dan multithread;sistem operasi dan jaringan
DESAIN KRIPTOGRAFI CBC MODIFIKASIPADA PROSES PENGAMANAN PESAN MELALUI EMAIL;algoritma dan struktur data
Penyelesaian Masalah Pewarnaan pada Graf dengan Algoritma Genetika;algoritma dan struktur data
PENENTUAN POLA YANG SERING MUNCUL UNTUK PENJUALAN PUPUK MENGGUNAKAN ALGORITMA FP-GROWTH;artificial intelligance dan robotik
ANALISIS PERBANDINGAN ALGORITMABUBBLE SORT, MERGE SORT, DAN QUICKSORT DALAM PROSES PENGURUTANKOMBINASI ANGKA DAN HURUF;database dan sistim retrieval informasi
IMPLEMENTASI ALGORITMA SEQUENTIALSEARCHING UNTUK PENCARIAN NOMORSURAT PADA SISTEM ARSIP ELEKTRONIK;database dan sistim retrieval informasi
DETEKSI POTENSI KANKER PAYUDARA PADA MAMMOGRAM MENGGUNAKAN METODE GRAY LEVEL CO-OCCURRENCE MATRICES;grafik
PERANCANGAN TRANSLATOR BAHASA ALAMI KE DALAM FORMAT SQL (STRUCTURED QUERY LANGUAGE) DENGAN FOKUS PADA KASUS RETRIVAL INFORMASI;database dan sistim retrieval informasi
IMPLEMENTASI K-NEAREST NEIGHBOR UNTUK MENGENALI POLA CITRA DALAM MENDETEKSI PENYAKIT KULIT;grafik
PENGOLAHAN CITRA DIGITAL UNTUK MENDETEKSI OBYEK MENGGUNAKAN PENGOLAHAN WARNA MODEL NORMALISASI RGB;grafik
PENERAPAN METODE TSUKAMOTO DALAM SISTEM PENDUKUNG KEPUTUSAN UNTUK MENENTUKANJUMLAH PRODUKSI BARANG (STUDI KASUS : PT. BUDIJAYA MAKMURSENTOSA);artificial intelligance dan robotik
Pengembangan Manajemen Multi Server Berbasis Web Menggunakan Framework Django;sistem operasi dan jaringan
Sistem Informasi Perpustakaan dengan Arsitektur Lima Simpul dan Basisdata Terdistribusi;database dan sistim retrieval informasi
Kombinasi Algoritma Caesar Cipher dan Algoritma RSA untuk pengamanan File Dokumen dan Pesan Teks;algoritma dan struktur data
ANALISIS PERSEPSI KONSUMEN MENGGUNAKAN METODE IMPORTANCE PERFORMANCE ANALYSIS DAN CUSTOMER SATISFACTION INDEX;database dan sistim retrieval informasi
APLIKASI VISUALISASI DAN PERBANDINGAN METODE – METODE PENGURUTAN DATA;database dan sistim retrieval informasi
DISTRIBUSI JARINGAN MENGGUNAKAN ROUTING OSPF DENGAN METODE REDISTRIBUTION;sistem operasi dan jaringan
BUSINESS INTELLIGENCE UNTUK PREDIKSI CUSTOMER CHURN TELEKOMUNIKASI;artificial intelligance dan robotik
Pengamanan Data Informasi menggunakan Kriptografi Klasik;algoritma dan struktur data
JURNAL ANALISIS SISTEM OPERASIFITUR KEAMANAN WINDOWS, LINUX Dan MACINTOSH;sistem operasi dan jaringan
PENERAPAN OPERASI HIMPUNAN DAN FUNGSI AGREGASI PADA PERANCANGAN BASIS DATA ALUMNI UNIVERSITAS HALU OLEO;database dan sistim retrieval informasi
Aplikasi Genetika Untuk Penjadwalan Mata Pelajaran di SMAN 3 Semarang;sistem operasi dan jaringan
IMPLEMENTASI BASIS DATA TERDISTRIBUSIMENGGUNAKAN MYSQL PADA PT THAMRIN BROTHERSPALEMBANG;database dan sistim retrieval informasi
TUG SYNOPSIS UNTUK HIMPUNAN DATABASE RELASIONAL;database dan sistim retrieval informasi
KLASIFIKASI CITRA DENGAN MATRIKS KO-OKURENSI ARAS KEABUAN (Gray Level Co-occurrence Matrix-GLCM) PADA LIMA KELAS BIJI-BIJIAN;grafik
Implementasi Basisdata Terdistribusi Pada Sistem Kenaikan Gaji Berkala Dinas Infokom Provinsi Maluku;database dan sistim retrieval informasi
PENERAPAN DATA MINING UNTUK ANALISIS POLA PEMBELIAN KONSUMEN DENGAN ALGORITMA FPGROWTH PADA DATA TRANSAKSI PENJUALAN SPARE PART MOTOR;artificial intelligance dan robotik
Perancangan Dan Implementasi Alat Penyortiran Kotak Berbasis Rfid Pada Konveyor Dengan Metode Searching;database dan sistim retrieval informasi
PENERAPAN METODE SIMPLE HILL CLIMBING SEARCH UNTUK PENCARIAN LOKASI TERDEKAT SEKOLAH MENENGAH ATAS MUHAMMDIYAH;artificial intelligance dan robotik
PENGUJIAN USABILITAS PORTAL DUTATANI MENGGUNAKAN ME;database dan sistim retrieval informasi
Perancangan Algoritma Kriptografi Stream Cipher dengan Chaos;algoritma dan struktur data
PERANCANGAN APLIKASI STEGANOGRAFI PENYISIPAN TEXT PADA CITRA DENGAN ALGORITMA PIXEL INDICATOR;grafik
PERAN ALGORITMA CAESAR CIPHER DALAMMEMBANGUN KARAKTER AKAN KESADARANKEAMANAN INFORMASI;algoritma dan struktur data
ANALISIS PENGARUH KUALITAS PRODUK DAN PELAYANAN TERDAHAP KEPUASAN KONSUMEN MENGGUNAKAN METODE IMPORTANCE PERFORMANCE ANALYSIS DI TWISSTERDOG DENPASAR;database dan sistim retrieval informasi
PENGAPLIKASIAN TEORI GRAF PADA ANALISIS JEJARING SOSIAL DALAM STRUKTUR ORGANISASI UNISBA DI BAWAH PIMPINAN WAREK I MENGGUNAKAN APLIKASI MICROSOFT NODEXL;algoritma dan struktur data
KRIPTOGRAFI DENGAN KOMPOSISI CAESAR CIPHER DAN AFFINE CIPHER UNTUK MENGUBAH PESAN RAHASIA;algoritma dan struktur data
PENGEMBANGAN JARINGAN LOCAL AREA NETWORK MENGGUNAKANSISTEM OPERASI LINUX REDHAT 9;sistem operasi dan jaringan
Aplikasi Metode Filter Bank Gabor pada Identifikasi Citra Wajah dari Individu yang Bergerak dan Tidak Bergerak;grafik
PERAMALAN BEBAN PUNCAK LISTRIK JANGKA PENDEK MENGGUNAKAN METODE JARINGAN SYARAF TIRUAN;artificial intelligance dan robotik
Implementasi Algoritma ECDH dan AES untuk Pengamanan Pesan SMS pada Telepon Seluler;algoritma dan struktur data
Pengembangan Buku Ajar Kompilasi Teori Graf dengan Model Addie;algoritma dan struktur data
MPLEMENTASI APLIKASI PEMESANAN TIKET BUS BERBASIS WEB DAN ANDROID MENGGUNAKAN ALGORITMA BUBBLE SORT;database dan sistim retrieval informasi
KLASIFIKASI CITRA MENGGUNAKAN MULTI TEXTON HISTOGRAM DAN PROBABILISTIC NEURAL NETWORK;grafik
PENERAPAN ALGORITMA QUICK PIVOT SORT DAN RADIX SORT PADA DATA BUKU;database dan sistim retrieval informasi
PEMBUATAN PERANGKAT LUNAKMEDIA PEMBELAJARAN KRIPTOGRAFI KLASIK;algoritma dan struktur data
Penerapan dan Analisis Virtualisasi Router Menggunakan RouterOS;sistem operasi dan jaringan
Penerapan Algoritma Kriptografi TEA Dan Base64 Untuk Mengamankan Email Data Policy Asuransi;algoritma dan struktur data
PERBANDINGAN STRATEGI REPLIKASI PADA SISTEMBASIS DATA TERDISTRIBUSI;database dan sistim retrieval informasi
ANALISIS PERBANDINGAN KINERJA FREENAS DANNAS4FREE SEBAGAI SISTEM OPERASI JARINGANNETWORK ATTACHED STORAGE (NAS) PADA LOCAL AREANETWORK (LAN);sistem operasi dan jaringan
REPLIKASI BASIS DATA PADA SISTEM PENGOLAHAN DATA AKADEMIK UNIVERISTAS KATOLIK SANTO THOMAS;database dan sistim retrieval informasi
Rancang Bangun Sistem Enterprise Resource Planning pada Modul Procurement Process (Purchasing) Berorientasikan Multi-Tenancy dengan Sistem Basis Data Terdistribusi;database dan sistim retrieval informasi
Rancang Bangun Aplikasi CRM Fleet Management Systemdengan Algoritma Searching Sequential;database dan sistim retrieval informasi
Analisis Dan Perancangan Sistem Informasi Pengolahan Data Residen Menggunakan Basis Data TerdistribusiMardiah Nasution;database dan sistim retrieval informasi
PENENTUAN WILAYAH WAJAH MANUSIA PADA CITRA BERWARNA BERDASARKAN WARNA KULIT DENGAN METODE TEMPLATE MATCHING;grafik
PERANCANGAN APLIKASI KEAMANAN DATA EMAIL MENGGUNAKAN ALGORITMA ENKRIPSI RC6 BERBASIS ANDROID;algoritma dan struktur data
PENGEMBANGAN PERANGKAT LUNAK JARINGAN SYARAF TIRUAN UNTUK PENGKLASIFIKASIAN DATA APLIKASI KREDIT PERBANKAN MENGGUNAKAN METODE PROPAGASI BALIK;artificial intelligance dan robotik
PEMANFAATAN METODE HEURISTIK DALAM PENCARIAN JALUR TERPENDEK DENGAN ALGORITMA SEMUT DAN ALGORITMA GENETIKA;artificial intelligance dan robotik
OPTIMASI ALGORITMA LEARNING VECTOR QUANTIZATION (LVQ) DALAM PENGKLASIFIKASIAN CITRA DAGING SAPI DAN DAGING BABI BERBASIS GLCM DAN HSV;grafik
PENJADWALAN CLEANING SERVICE MENGGUNAKANALGORITMA GENETIKA;sistem operasi dan jaringan
OPTIMASI ALGORITMA SHELL SORT DALAM PENGURUTAN DATA HURUF DAN ANGKA;database dan sistim retrieval informasi
Komparasi Algoritma Quicksort dan Bucket Sort pada Pengurutan Data Integer;database dan sistim retrieval informasi
EKSTRASI TEKSTUR CITRA MENGGUNAKAN LOCAL BINARY PATTERN UNTUK IDENTIFIKASI PENYAKIT TANAMAN PADI DAN ANTHURIUM BERBASIS WEBSITE;grafik
Perbandingan Kecepatan Gabungan Algoritma Quick Sort dan Merge Sort dengan Insertion Sort, Bubble Sort dan Selection Sort;database dan sistim retrieval informasi
ALGORITMA FP-GROWTH DALAM TEKNIK MARKET BASKET ANALYSIS SPAREPART KOMPUTER PADA JASA SERVIS KOMPUTER (STUDI KASUS : CV. KARYA COMPUTER CENTER);database dan sistim retrieval informasi
Komparasi Algoritma Klasifikasi Machine Learning Dan Feature Selection pada Analisis Sentimen Review Film;artificial intelligance dan robotik
ANALISIS DATA PELANGGAN INDIHOME DENGAN ALGORITMA ROUGH SET UNTUK MEMPREDIKSI CALON PELANGGAN BARU YANG POTENSIAL (STUDI KASUS: PT. TELEKOMUNIKASI INDONESIA, TBK);database dan sistim retrieval informasi
IDENTIFIKASI JENIS KAYU BERBASIS CITRA MENGGUNAKAN PROBABILISTIC NEURAL NETWORK (PNN);grafik
PENGEMBANGAN ALGORTIMA APRIORI UNTUK PENGAMBILAN KEPUTUSAN;artificial intelligance dan robotik
IMPLEMENTASI FRAGMENTASI HORIZONTAL BASIS DATA TERDISTRIBUSI (STUDI KASUS : SISTEM INFORMASI AKADEMIK UNIVERSITAS KATOLIK SANTO THOMAS);database dan sistim retrieval informasi
IMPLEMENTASI METODE GRAM-SCHMIDT DAN METODE PRINCIPAL COMPONENT DALAM PENAJAMAN CITRA MULTIRESOLUSI;grafik
Analisis Perbandingan Kompleksitas Algoritma Pengurutan Nilai (Sorting);database dan sistim retrieval informasi
Implementasi Algoritma Sequential SearchingPada Sistem Pelayanan PuskesmasMenggunakan Bootstrap (Studi KasusPuskesmas Kampung Bali Bengkulu);database dan sistim retrieval informasi
ENERAPAN GEOMETRIC MEAN FILTER UNTUK MEREDUKSI NOISE SPECKLE DAN SALT AND PEPPER PADA CITRA ORTOKROMATIK;grafik
RANCANG BANGUN WIRELESS SENSOR NETWORKBERBASIS PROTOKOL ZIGBEE DAN GSM UNTUKSISTEM PEMANTAUAN POLUSI UDARA;sistem operasi dan jaringan
HASIL PENGENALAN CITRA WAJAH DITINJAU DARI JARAK PIKSEL PADA GRAY LEVEL COOCCURRENCE MATRIX DAN PROBABILISTIC NEURAL NETWORK;grafik
IMPELEMTASI METODE TRANSFORMASI TOP-HAD DAN BOTTOM HAD UNTUK PENINGKATAN KUALITAS CITRA CT SCAN;grafik
PENERAPAN KONSEP BUSINESS INTELLIGENCE UNTUK PERCEPATAN PENYELESAIAN PERKARA PADA PANMUD PERDATA KHUSUS MAHKAMAH AGUNG RI;artificial intelligance dan robotik
ANALISIS PERBANDINGAN ALGORITMA KRIPTOGRAFI KLASIKVIGENERE CIPHER DAN ONE TIME PAD;algoritma dan struktur data
Penggunaan Algoritma Novel Utility Frequent Itemset Mining dalam Market Basket Analysis;artificial intelligance dan robotik
PEMECAHAN SISTEM TRIDIAGONALDALAM KOMPUTASI PARALEL DENGAN SIKLUS REDUKSI;algoritma dan struktur data
Analisa Data Mining Menggunakan Market Basket Analysis untuk Mengetahui Pola Beli Konsumen;artificial intelligance dan robotik
PERANCANGAN DAN IMPLEMENTASI VIRTUALISASI SERVER MENGGUNAKAN PROXMOX VE 3.4;sistem operasi dan jaringan
ANALISIS OPTIMASI QUERY SQL MENGGUNAKAN TEKNIK HEURISTIC PADA KASUS DATA TRANSAKSI PELANGGAN YANG LAYAK MENDAPATKAN REKOMENDASI PRODUK;database dan sistim retrieval informasi
KOMBINASI ALGORITMA AES, RC4 DAN ELGAMAL DALAM SKEMA HYBRID UNTUK KEAMANAN DATA;algoritma dan struktur data
PERBANDINGAN DAN REKOMENDASI SERVER SEBAGAI PENYEDIALAYANAN INFRASTRUKTUR CLOUD COMPUTING;algoritma dan struktur data
PENERAPAN DATA MINING UNTUK ANALISA POLA PEMBELIAN KONSUMEN DENGAN ALGORITMA APRIORI PADA DATA TRANSAKI PENJUALAN;artificial intelligance dan robotik
Service Availability dan Performa Sumber Daya Prosessor pada Infrastruktur Server Virtual Dadan Irwan;sistem operasi dan jaringan
Optimasi Penjadwalan Mata Kuliah Menggunakan Pewarnaan Graf;algoritma dan struktur data
IDENTIFIKASI DAGING SAPI DAN DAGING BABI MENGGUNAKAN FITUR EKSTRAKSI GREY LEVEL CO-OCCURRENCE MATRIX DAN K-NEAREST NEIGHBOR CLASSIFIER;grafik
Deteksi Glaukoma pada Citra Fundus Retinadengan Metode K-Nearest Neighbor;grafik
IMPLEMENTASI ALGORITMA CANNY DAN BACKPROPAGATION UNTUK MENGKLASIFIKASI JENIS TANAMAN MANGGA;grafik
Implementasi Metode Sequential Dalam Pencarian Pendistribusian Barang Pada Cargo Integration System;database dan sistim retrieval informasi
Implementasi Sequential Search Pada Pencarian Data Tarif Aplikasi Perjalanan Dinas Karyawan PT Telkom Akses;database dan sistim retrieval informasi
Perancangan dan Simulasi Deteksi Penyakit Tanaman Jagung Berbasis Pengolahan Citra Digital Menggunakan Metode Color Moments dan GLCM;grafik
Analisa Pola Penjualan Obat Menggunakan Algoritma Apriori Pada Apotek Zam-Zam Bogor;artificial intelligance dan robotik
KLASIFIKASI JENIS KUALITAS KEJU DENGAN MENGGUNAKAN METODE GRAY LEVEL COOCCURRENCE MATRIX (GLCM) DAN SUPPORT VECTOR MACHINE (SVM) PADA CITRA DIGITAL;grafik
Analisis Perbandingan Load Balancing Web Server Tunggal Dengan Web Server Cluster menggunakan Linux Virtual Server;sistem operasi dan jaringan
PENGGUNAAN ALGORITMA SORTING BUBBLE SORT UNTUK PENENTUAN NILAI PRESTASI SISWA;database dan sistim retrieval informasi
KLASIFIKASI DOKUMENT TEKS MENGGUNAKAN ALGORITMA NAIVE BAYES DENGAN BAHASA PEMOGRAMAN JAVA;artificial intelligance dan robotik
Analisis Redistribusi Interior Gateway Protocol dan Eksterior Gateway Protocol;sistem operasi dan jaringan
Analisis Algoritma Insertion Sort, Merge Sort Dan Implementasinya Dalam Bahasa Pemrograman C++;database dan sistim retrieval informasi
IMPLEMENTASI ALGORITMA HILL CIPHER DALAMPENYANDIAN DATA;algoritma dan struktur data
MEMBANGUN SISTEM PAKAR UNTUK MENGIDENTIFIKASI JENIS PENYAKIT PADA TANAMAN JERUK BERBASIS WIRELESS APLICATION PROTOCOL (WAP) DENGAN WIRELESS MARKUP LANGUAGE (WML) DAN PHP HYPERTEXT PREPROCESSOR (PHP);artificial intelligance dan robotik
PERBANDINGAN ALGORITMA APRIORI DAN FP-GROWTH UNTUK PEREKOMENDASI BUKU PADA TRANSAKSI PEMINJAMAN DI PERPUSTAKAAN UNIVERSITAS DIAN NUSWANTORO;artificial intelligance dan robotik
ANALISIS DAN PERANCANGAN BASIS DATA TERDISTRIBUSI DATAATRIBUT POLRI DAN PNS PADA POLDA SUMSEL;database dan sistim retrieval informasi
Perbandingan Route Redistribute Protokol Routing Dinamik Pada IPv6 ( Studi Kasus :EIGRP untuk IPv6 dengan OSPFv3 dan EIGRP dengan ISIS pada IPv6);sistem operasi dan jaringan
STUDI KOMPARATIF ANTARA PARAREL VIRTUAL MACHINE (PVM) DAN MESSAGE PASSING;algoritma dan struktur data
PEMODELAN SUMBER GEMPA DI WILAYAH SULAWESI UTARA SEBAGAI UPAYA MITIGASI BENCANA GEMPA BUMI;algoritma dan struktur data
PENERAPAN TEORI GRAF PADA ANALISIS JEJARING SOSIALDENGAN MENGGUNAKAN MICROSOFT MICROSOFT NODE XL;algoritma dan struktur data
SISTEM PAKAR DIAGNOSIS PENYAKIT MATA MENGGUNAKAN NAÏVEBAYES CLASSIFIER;artificial intelligance dan robotik
KOMBINASI KRIPTOGRAFI CAESAR CIPHER DANSTEGANOGRAFI LEAST SIGNIFICANT BIT (LSB) PADA CITRABERFORMAT BITMAP;grafik
Pembuatan Modul Ajar Sistem Operasi Manajemen Memori dan Virtual Memori;sistem operasi dan jaringan
PENGANALISIS KESEGARAN DAGING SAPI DAN DAGING BABI MENTAH BERDASARKAN KLASIFIKASI WARNA DAN KELEMBABAN;grafik
IMPLEMENTASI ALGORITMA CAESAR CIPHER DAN HILLCIPHER PADA DATABASE SISTEM INVENTORI TB MITA JEPAR;algoritma dan struktur data
Perbandingan Redistribusi Routing Protokol Dinamis pada Exterior Gateway Protokol;sistem operasi dan jaringan
IMPLEMENTASI ALGORITMA BUBBLE SORT DAN SELECTION SORT MENGGUNAKAN ARRAYLIST MULTIDIMENSI PADA PENGURUTAN DATA MULTI PRIORITAS;database dan sistim retrieval informasi
IMPLEMENTASI VoIP (VOICE OVER INTERNET PROTOKOL) PADA JARINGAN LAN (LOCAL AREA NETWORK) DINAS KESEHATAN KABUPATEN MUSI BANYUASIN;sistem operasi dan jaringan
PENGENALAN PENYAKIT NODA PADA CITRA DAUN TEBU BERDASARKAN CIRI TEKSTUR FRACTAL DIMENSION CO-OCCURRENCE MATRIX DAN L*a*b* COLOR MOMENTS;grafik
Kombinasi Algoritma Genetika dengan Algoritma Palgunadi untuk Penjadwalan Mata Kuliah di Universitas Sebelas Maret;sistem operasi dan jaringan
ANALISA KLASIFIKASI JENIS POHON MANGGABERDASARKAN TEKSTUR DAUN;grafik
Aplikasi Kamus Istilah Ekonomi (Inggris-Indonesia) Menggunakan Metode Sequential Searching;database dan sistim retrieval informasi
Perancangan Sistem Pendeteksi Leukoplakia Melalui Citra Klinis Rongga Mulut Berbasis Gray Level Co-occurrence Matrix Dan K-nearest Neighbor;grafik
PERBANDINGAN QUALITY OF SERVICE (QOS) JARINGAN 4G LTE BEBERAPA PROVIDER MENGGUNAKAN SISTEM OPERASI LINUX UBUNTU SERVER 18.10;sistem operasi dan jaringan
Perbandingan Route Redistribute Protokol Routing Dinamik Pada IPv6 ( Studi Kasus : EIGRP untuk IPv6 dengan OSPFv3 dan EIGRP dengan ISIS pada IPv6);sistem operasi dan jaringan
Penerapan Metode Median Filter untuk Mereduksi Noise Speckle dan Salt & Pepper pada Citra Ortokromatik;grafik
JURNAL INFRAOPEN JOURNAL SYSTEMSJournal HelpUSERUsername Password Remember meNOTIFICATIONSViewSubscribeJOURNAL CONTENTSearchSearch ScopeBrowseBy IssueBy AuthorBy TitleOther JournalsFONT SIZEMake font size smallerMake font size defaultMake font size largerINFORMATIONFor ReadersFor AuthorsFor LibrariansHOME ABOUT LOGIN REGISTER SEARCH CURRENT ARCHIVESHome > Vol 3, No 2 (2015) > HalimPEMBUATAN APLIKASI PENJADWALAN DAN RESERVASI UNTUK PENGGUNAAN PRIVATE CLOUD COMPUTING;sistem operasi dan jaringan
IMPLEMENTASI ALGORITMA HILL CLIMBING DAN ALGORITMA A* DALAM PENYELESAIAN PENYUSUNAN SUKU KATA DASAR DENGAN POLA PERMAINAN BINTANG KEJORA;artificial intelligance dan robotik
ImplementasiAlgoritmaKriptografi RSA untukEnkripsi danDekripsiEmail;algoritma dan struktur data
Aplikasi Pembelajaran Angka, Bentuk, Huruf dan Warna Untuk Anak-Anak Menggunakan Metode Computer Assisted Instruction (CAI) Berbasis Android;grafik
DESAIN DAN ANALISIS KINERJA VIRTUALISASI SERVER MENGGUNAKAN PROXMOX VIRTUAL ENVIRONTMENT;sistem operasi dan jaringan
IMPLEMENTASI KRIPTOGRAFI RSA UNTUK PENINGKATAN KEAMANAN DATABASE E-COMMERCE;algoritma dan struktur data
Perbandingan Pewarnaan Citra Grayscale Menggunakan Metode K-Means Clustering dan Agglomerative Hierarchical Clustering;grafik
PENGEMBANGAN PERANGKAT LUNAK BERBASIS JARINGAN SYARAF TIRUAN UNTUK PERAMALAN BEBAN LISTRIK JANGKA PENDEK (STUDI KASUS DI PT.PLN AREA DISTRIBUSI JABAR);artificial intelligance dan robotik
Aplikasi Kamus Bahasa Jawa Ngoko, Jawa Krama, dan Indonesia Berbasis Android Dengan Menggunakan Metode Sequential Search;database dan sistim retrieval informasi
PERANCANGAN APLIKASI STEGANOGRAFI PENYISIPAN TEXT PADA CITRA DENGAN ALGORITMA PIXEL INDICATOR;algoritma dan struktur data
IDENTIFIKASI PENYAKIT PADA TANAMAN TOMAT BERDASARKAN WARNA DAN BENTUK DAUN DENGAN METODE NAIVE BAYES CLASSIFIER BERBASIS WEB;grafik
Analisa Metode Gabor dan Propbabilistic Neural Network untuk Klasifikasi Citra;grafik
Penerapan Metode Support Vector Machine (SVM) Menggunakan Kernel Radial Basis Function (RBF) Pada Klasifikasi Tweet;artificial intelligance dan robotik
ANALISIS KERANJANG BELANJA PADA DATA TRANSAKSI PENJUALAN (STUDI KASUS TOSERBA YOGYA BANJAR);artificial intelligance dan robotik
PENERAPAN ASSOCIATION RULE MINING MENGGUNAKAN ALGORITMA APRIORI UNTUK MENENTUKAN POLA PEMBELIAN KONSUMEN PADA DATA TRANSAKSI PENJUALAN;artificial intelligance dan robotik
Implementasi Metode Basisdata Terdistribusi Untuk Pengelolaan Data Perpustakaan Berbasis Web;database dan sistim retrieval informasi
IMPLEMENTASI KRIPTOGRAFI PADA APLIKASI EMAIL MENGGUNAKAN ALGORITMA ELGAMAL BERBASIS ANDROID;algoritma dan struktur data
Media Pembelajaran untuk MetodePenjadwalan First Come First Serve-EjectingBased Dynamic Scheduling (FCFS-EDS)untuk MPI Job dalam Sistem Grid System;sistem operasi dan jaringan
Aplikasi Kamus Bahasa Daerah Serawai Menggunakan Algoritma Bubble Sort dan Voice Recognition Berbasis Android;database dan sistim retrieval informasi
Pengukuran Kualitas Sistem Pencitraan Radiografi Digital Sinar-X;grafik
Algoritma Kohonen dalam Mengubah Citra Graylevel Menjadi Citra Biner;grafik
Implementasi Metode Sorting Sistem Lelang Online Berbasis Web;database dan sistim retrieval informasi
KAJIAN KOMPARASI PENERAPAN ALGORITMA SUPPORT VECTOR MACHINE (SVM) DAN MULTILAYER PERCEPTRON (MLP) DALAM PREDIKSI INDEKS SAHAM SEKTOR PERBANKAN: STUDI KASUS SAHAM LQ45 IDX BANK BCA;artificial intelligance dan robotik
PENYUSUNAN JADWAL UJIAN MATA KULIAHDENGAN ALGORITMA PEWARNAAN GRAF WELCH POWELL;algoritma dan struktur data
Pengembangan Sumber Belajar Matakuliah Sistem Cerdas Pada Metode Searching Untuk Mahasiswa Prodi S1 Pendidikan Teknik Elektro Universitas Negeri Malang;database dan sistim retrieval informasi
Identifikasi Gejala Penyakit Padi Menggunakan Operasi Morfologi Citra;grafik
SISTEM PENDUKUNG KEPUTUSAN ANALISA POLA PENJUALAN BARANG DENGAN ALGORITMA APRIORI (STUDI KASUS: LUCKY SWALAYAN);artificial intelligance dan robotik
IDENTIFIKASI HAMA TANAMAN CABAI DENGAN MEMBANDINGKAN PRINCIPAL COMPONENT ANALYSIS DAN GRAY LEVEL CO-OCCURRENCE MATRIX SEBAGAI EKSTRAKSI CIRI;grafik
PENGEMBANGAN PERANGKAT LUNAK BERBASIS JARINGAN SYARAF TIRUAN UNTUK PERAMALAN BEBAN LISTRIK JANGKA PENDEK (STUDI KASUS DI PT.PLN AREA DISTRIBUSI JABAR);algoritma dan struktur data
MANAJEMEN SERVER JARINGAN KOMPUTER BERBASISTEKNOLOGI VIRTUALISASI MENGGUNAKAN PROXMOX;sistem operasi dan jaringan
PENGATURAN LAMPU LALU LINTAS DI PERSIMPANGAN JALANAHMAD YANI GIANT DENGAN APLIKASI PEWARNAANPENGATURAN LAMPU LALU LINTAS DI PERSIMPANGAN JALANAHMAD YANI GIANT DENGAN APLIKASI PEWARNAANTEORI GRAF;algoritma dan struktur data
Kajian Tingkat Kepuasan Pengguna Trans Metro Bandung Koridor 2 Menggunakan Pendekatan Importance-Performance Analysis;database dan sistim retrieval informasi
Manajemen Jadwal Proyek dan Karyawan Berbasis Web PadaPT. Bee Solution Partners;sistem operasi dan jaringan
Market Basket Analysis Menggunakan Algoritma Eclat (Kasus Data Transaksi Penjualan Groceries);artificial intelligance dan robotik
Klasifikasi Penyakit Paru Berdasarkan Citra Rontgen dengan Metoda Segmentasi Sobel;grafik
Perancangan dan Analisis Kinerja Private Cloud Computing dengan Layanan Infrastructure-As-A-Service (IAAS);algoritma dan struktur data
PERFORMANCE COMPARISON BETWEEN SUPPORT VECTOR REGRESSION AND ARTIFICIAL NEURAL NETWORK FOR PREDICTION OF OIL PALM PRODUCTION;artificial intelligance dan robotik
Sistem Pakar Identifikasi Modalitas Belajar Siswa Dengan Implementasi Algoritma C4.5;artificial intelligance dan robotik
Rancang Bangun Aplikasi Messaging Berbasis Voice Interaction BagiPenderita Tunanetra Pada Sistem Operasi Android;sistem operasi dan jaringan
APLIKASI KAMUS BAHASA TALIABU BERBASIS ANDROID DENGAN MENGGUNAKAN METODE BINARY SEARCH;database dan sistim retrieval informasi
PERBANDINGAN ALGORITMA INSERTION SORT DENGAN MERGE SORT PADA BAHASA PEMROGRAMAN C DAN JAVA;database dan sistim retrieval informasi
SISTEM INFORMASI MODUL PENJADWALANTUGAS AKHIR(STUDI KASUS: JURUSAN TEKNIK INFORMATIKA);sistem operasi dan jaringan
Perbandingan Performa Kombinasi Algoritma Pengurutan Quick-Insertion Sort dan Merge-Insertion Sort;database dan sistim retrieval informasi
PENGARUH INTENSITAS CAHAYA TERHADAP HASIL PENGENALAN CITRA DENGAN GRAY LEVEL CO-OCCURRENCE MATRIX DAN PROBABILISTIC NEURAL NETWORK;grafik
PENERAPAN ENKRIPSI DAN DEKRIPSI FILE MENGGUNAKAN ALGORITMA DATA ENCRYPTION STANDARD (DES);algoritma dan struktur data
PERANCANGAN APLIKASI PENGAMANAN FILE TEKS MENGGUNAKAN ALGORITMA EL GAMAL DAN KOMPRESI FILE TEKS MENGGUNAKAN ALGORITMA HUFFMAN;algoritma dan struktur data
Implementasi metode Alpha Trimmed Mean Filter menggunakan Opencl untuk penghapusan noise pada citra berwarna;grafik
ANALISIS KOMPLEKSITAS ALGORITMA UNTUK BERBAGAIMACAM METODE PENCARIAN NILAI (SEARCHING) DANPENGURUTAN NILAI (SORTING) PADA TABEL;database dan sistim retrieval informasi
MODEL KEAMANAN INFORMASI BERBASIS DIGITAL SIGNATURE DENGAN ALGORITMA RSA;algoritma dan struktur data
ANALISIS SENTIMEN TWEET MENGGUNAKAN BACKPROPAGATION NEURAL NETWORK;artificial intelligance dan robotik
Penerapan Algoritma Greedy Dalam Menentukan Rute Terpendek Puskesmas (Studi Kasus: Kota Tanjungpinang);algoritma dan struktur data
Akuisisi Data Multitasking pada Jaringan Sensor Nirkabel (JSN) Menggunakan Priority Scheduling;sistem operasi dan jaringan
SISTEM PENDUKUNG KEPUTUSAN PEMILIHAN PRAMUGARI TERBAIK MENGGUNAKAN METODE ELECTRE ( STUDI KASUS : MALAYSIA AIRLINES BERHAD );artificial intelligance dan robotik
Penerapan Algoritma Kriptografi ElGamal untuk Pengaman File Citra;algoritma dan struktur data
PREDIKSI MAHASISWA DROP OUT MENGGUNAKAN METODE SUPPORT VECTOR MACHINE;artificial intelligance dan robotik
DESAIN KRIPTOGRAFI CBC MODIFIKASI PADA PROSES PENGAMANAN PESAN MELALUI EMAIL;algoritma dan struktur data
RANCANG BANGUN PERANGKAT LUNAK ADMINSTRASI XEN VIRTUAL MACHINE BERBASIS WEB;sistem operasi dan jaringan
PENGEMBANGAN APLIKASI PENJADWALAN KEGIATAN PELATIHAN TEKNOLOGI INFORMASI DAN KOMUNIKASI DENGAN ALGORITMA GENETIKA (STUDI KASUS: BPRTIK);sistem operasi dan jaringan
Identifikasi Tanaman Kamboja menggunakan Ekstraksi Ciri Citra Daun dan Jaringan Syaraf Tiruan;grafik
Implementasi FTP ( File Transfer Protokol ) Sebagai Server Backup Router Mikrotik;sistem operasi dan jaringan
Convolutional Neural Networks untuk Pengenalan Wajah Secara Real-Time;grafik
Indexing dan Searching Document MenggunakanMetode Semantic Suffix Tree Clustering Berbasis;database dan sistim retrieval informasi
IMPLEMENTASI TEKNIK BINARY SEARCH PADA KAMUS INDONESIABATAK TOBA;database dan sistim retrieval informasi
IMPLEMENTASI METODE MEDIAN FILTERING DAN MIDPOINT FILTERING UNTUK PENGOLAHAN CITRA DIGITAL;grafik
PENGGUNAAN ALGORITMA GENETIKA DALAM PENINGKATAN KINERJA FUZZY CLUSTERING UNTUK PENGENALAN POLA;sistem operasi dan jaringan
Implementasi Algoritma Base64 untuk Mengamakan SMS pada Smartphone;algoritma dan struktur data
ANALISA QUALITY OF SERVICES (QoS) VOICE OVER INTERNETPROTOCOL (VoIP) DENGAN PROTOKOL H.323 DAN SESSIONINITIAL PROTOCOL (SIP);sistem operasi dan jaringan
ANALISIS OPTIMASI QUERY SQL MENGGUNAKAN TEKNIK HEURISTIC PADA KASUS DATA TRANSAKSI PELANGGAN YANG LAYAK MENDAPATKAN REKOMENDASI PRODUK;artificial intelligance dan robotik
Perencanaan Virtualisasi Layanan Pengadaan Secara Elektronik Pemerintah Kabupaten Badung Menggunakan Metode Blue Ocean Strategy dan Balanced Scorecard;sistem operasi dan jaringan
Model Fragmentasi Sistem Basis Data TerdistribusiStudi Kasus Sistem Member Warnet;database dan sistim retrieval informasi
Perbandingan Virtual Private NetworkProtokol Menggunakan Point to Point Tunnel Protocol danOpenVPN;sistem operasi dan jaringan
Analisis Tingkat Kepuasan Anggota dan Strategi Pengembangan Koperasi (Studi Kasus Koperasi Kredit Sehati Jakarta);database dan sistim retrieval informasi
SISTEM PAKAR PENENTUAN BAKAT ANAK DENGAN MENGGUNAKAN METODE FORWARD CHAINING;artificial intelligance dan robotik
Aplikasi Prediksi Pola Pembelian Customer dengan Metode Market Basket Analysis pada PT. Capella Medan;artificial intelligance dan robotik
APLIKASI KRIPTOGRAFI MENGGUNAKAN ALGORITMA RC4 DAN DES UNTUK MENGAMANKAN PESAN EMAIL;algoritma dan struktur data
ANALISIS UNJUK KERJA RIPv2 DAN EIGRP DALAM DYNAMIC ROUTING PROTOCOL;sistem operasi dan jaringan
Analisis Kepuasan Pelanggan Terhadap Bauran Pemasaran Menggunakan Integrasi Importance Performance Analysis dan Model Kano (Studi Kasus : L’societe Dine and Bar Bandung);database dan sistim retrieval informasi
APLIKASI JARINGAN SYARAF TIRUAN SEBAGAI METODE ALTERNATIF PRAKIRAAN BEBAN JANGKA PENDEK;artificial intelligance dan robotik
Rancangan Virtualisasi Server Menggunakan VMWare Vsphare;sistem operasi dan jaringan
IMPLEMENTASI ALGORITMA NEAREST NEIGHBOR DALAM MENGUKUR TINGKAT KEPUASAN MASYARAKAT PADA PELAYANAN SAMSAT MEDAN SELATAN;database dan sistim retrieval informasi
APLIKASI PENGAMANAN DOKUMEN OFFICE DENGAN ALGORITMA KRIPTOGRAFI KUNCI ASIMETRIS ELGAMAL;algoritma dan struktur data
Aplikasi Deteksi Wajah pada Foto Dijital dalam Sistem Pengenalan Wajah;grafik
Penjadwalan Mata Kuliah Menggunakan Algoritma Backjumping dengan Pengurutan Dinamis (Studi Kasus: Stika Madiun);sistem operasi dan jaringan
Klasifikasi Citra Mammogram Menggunakan Metode K-Means, GLCM, dan Support Vector Machine (SVM);grafik
PERANCANGAN MOBILE LEARNING MATA KULIAH SISTEM OPERASI BERBASIS ANDROID;sistem operasi dan jaringan
SISTEM PAKAR MENDIAGNOSA VIRUS PADA UDANG VANNAMEI DENGAN IMPLEMENTASI METODE CBR (CASE-BASED REASONING) DAN CERTAINTY FACTOR;artificial intelligance dan robotik
Analisis Kinerja Protokol Ad Hoc On-Demand Distance Vector (AODV)dan Fisheye State Routing (FSR) pada Mobile Ad Hoc Network;sistem operasi dan jaringan
IMPLEMENTASI SISTEM OPERASI LINUX FEDORA 22SEBAGAI WEBSERVER DALAM MENDUKUNG LAYANAN SISTEMTERDISTRIBUSI;sistem operasi dan jaringan
ALGORITMA FP-GROWTH DALAM TEKNIK MARKET BASKET ANALYSIS SPAREPART KOMPUTER PADA JASA SERVIS KOMPUTER (STUDI KASUS : CV. KARYA COMPUTER CENTER);artificial intelligance dan robotik
Studi Konversi Sintaks Object Modeling Technique (OMT) Ke Sintaks Structure Query Language (SQL) (Studi Kasus Sistem Pendaftaran Siswa Lembaga Bimbingan Belajar);database dan sistim retrieval informasi
IMPLEMENTASI ALGORITMA APRIORI PADA SISTEM PERSEDIAAN BUAH-BUAHAN (STUDI KASUS : LOTTE MART WHOLESALE MEDAN);artificial intelligance dan robotik
Arsitektur Konsolidasi Server dengan Virtualisasi untuk Penyedia Layanan Infrastruktur Cloud;algoritma dan struktur data
Perbandingan Metode Sobel, Metode Prewitt dan Metode Robert Untuk Deteksi Tepi Objek Pada Aplikasi Pengenalan Bentuk Berbasis Citra Digital;grafik
PERANCANGAN APLIKASI SISTEM PRESENSI MAHASISWA MENGGUNAKAN QR CODE PADA SISTEM OPERASI ANDROID;sistem operasi dan jaringan
REDUKSI NOISE SALT AND PAPER PADA CITRA PANKROMATIK MENGGUNAKAN METODE WEIGHTED MEAN FILTER;grafik
Pembangunan Sistem Informasi Presensi Perkuliahan Menggunakan Basis Data Terdistribusi dengan Metode Replikasi-Asynchronous;database dan sistim retrieval informasi
Perbandingan Kemampuan Database NoSQL dan SQL dalam Kasus ERP Retail;database dan sistim retrieval informasi
IMPLEMENTASI TEORI DISTRIBUSI PROBABILITAS GAUSSIAN PADA KUALITAS RANGKAIAN PENYEARAH GELOMBANG PENUH;algoritma dan struktur data
APLIKASI KRIPTOGRAFI PADA KEAMANAN PESAN EMAIL DENGAN MENGGUNAKAN ALGORITMA ONE TIME PAD;algoritma dan struktur data
PENERAPAN METODE HEURISTIK (ALGORITMA IDA* DAN B&B) DALAM PEMECAHAN N-Queen Problem;artificial intelligance dan robotik
ANALISIS PERBANDINGAN ALGORITMABUBBLE SORT, MERGE SORT, DAN QUICKSORT DALAM PROSES PENGURUTANKOMBINASI ANGKA DAN HURUF;database dan sistim retrieval informasi
Komparasi Metode EM-GMM (Expectation Maximization-Gaussian Mixture Model) dan FCM (Fuzzy C-Means) dalam Segmentasi Citra Otak MRI (Magnetic Resonance Imaging) di RSUD Soetomo dalam Menentukan Area Tumor Otak;grafik
Aplikasi Teori Graf dalam Analisa Struktur Protein;algoritma dan struktur data
APLIKASI ENKRIPSI DATA PADA FILE TEKS DENGAN ALGORITMA RSA (RIVEST SHAMIR ADLEMAN);algoritma dan struktur data
PERANCANGAN SISTEM PENDETEKSI GENANGAN AIR POTENSI PERKEMBANGBIAKAN NYAMUK MELALUI FOTO CITRA UDARA DENGAN METODE GRAY LEVEL CO-OCCURRENCE MATRIX (GLCM);grafik
Perancangan Kamus Istilah Akuntansi Berbasis Desktop Dengan Metode Interpolation Search;database dan sistim retrieval informasi
Pemanfaatan Clustering Algoritma McKmeans untuk Business Intelligence;artificial intelligance dan robotik
IDENTIFIKASI BIBIT PADA TANAMAN LAHAN GAMBUT BERDASARKAN BENTUK DAUN MENGGUNAKAN METODE PROBABILISTIK NEURAL NETWORK (PNN) BERBASIS WEBSITE (UMUR BIBIT 2 BULAN-1 TAHUN);grafik
KAJIAN INDUSTRI 4.0UNTUK PENERAPANNYA DI INDONESIA;algoritma dan struktur data
IMPLEMENTASI ALGORITMA NEAREST NEIGHBOR DALAM MENGUKUR TINGKAT KEPUASAN MASYARAKAT PADA PELAYANAN SAMSAT MEDAN SELATAN;database dan sistim retrieval informasi
IMPLEMENTASI SEQUENTIAL SEARCH UNTUK MONITORING LOG CLIENT PADA SERVER LINUX;database dan sistim retrieval informasi
GABUNGAN ALGORITMA VERNAM CHIPER DAN END OF FILE UNTUK KEAMANAN DATA;algoritma dan struktur data
EKSPLOITASI RPC PADA SISTEM OPERASI WINDOWS;sistem operasi dan jaringan
APLIKASI KEAMANAN EMAIL MENGGUNAKAN ALGORITMA RC4;algoritma dan struktur data
Kompleksitas Algoritma PengurutanSelection Sort dan Insertion Sort;database dan sistim retrieval informasi
Deteksi Tepi pada Citra Digital menggunakan Metode Kirsch dan Robinson;grafik
IMPLEMENTASI KRIPTOGRAFI KLASIK PADAKOMUNIKASI BERBASIS TEKS;algoritma dan struktur data
ANALISIS KEPUASAN PELANGGAN DENGAN IMPORTANCE PERFORMANCE ANALYSIS DI SBU LABORATORY CIBITUNG PT SUCOFINDO (PERSERO);database dan sistim retrieval informasi
PENERAPAN DATA MINING UNTUK ANALISIS POLA PEMBELIAN PRODUK MENGGUNAKAN ALGORITMA APRIORI PADA DATA TRANSAKSI PENJUALAN (Studi Kasus : Koperasi Guru Banjar (KGB));artificial intelligance dan robotik
ANALISIS DATA PELANGGAN INDIHOME DENGAN ALGORITMA ROUGH SET UNTUK MEMPREDIKSI CALON PELANGGAN BARU YANG POTENSIAL (STUDI KASUS: PT. TELEKOMUNIKASI INDONESIA, TBK);artificial intelligance dan robotik
Aplikasi Deteksi Wajah pada Foto Dijital dalam Sistem Pengenalan Wajah;grafik
Uji Virtualisasi OpenVZ pada Debian 6;sistem operasi dan jaringan
CPM-CS UNTUK OPTIMASI PENJADWALAN PROYEK;sistem operasi dan jaringan
PEMBUATAN APLIKASI PACKAGE DEPENDENCY MERGER BERBASIS SISTEM OPERASI DEBIAN GNU/LINUX;database dan sistim retrieval informasi
STUDI ANALISIS PERFORMANSI PROTOKOL ROUTING IS-IS DAN OSPFv3 PADA IPv6 UNTUK LAYANAN VIDEO STREAMING;sistem operasi dan jaringan
TEKNIK AKUISISI VIRTUALISASI SERVER MENGGUNAKAN METODELIVE FORENSIC;sistem operasi dan jaringan
APLIKASI TEOREMA POLYA UNTUK MENGHITUNG BANYAKNYA GRAFSEDERHANA YANG TIDAK ISOMORFIK;algoritma dan struktur data
Memaksimalkan Sistem Operasi Wndows Dengan MerubahKonfigurasi Registry;sistem operasi dan jaringan
OPTIMASI PENJADWALAN PERKULIAHAN DENGAN BATASAN LUNAK (SOFTCONSTRAINTS) PADA PRODI TEKNIK ELEKTRO UNIMED MENGGUNAKANALGORITMA GENETIKA;sistem operasi dan jaringan
IMPLEMENTASI KONSEP BUSINESS INTELLIGENCE UNTUK MENENTUKAN KEBUTUHAN TRAINING PADA KLIEN;artificial intelligance dan robotik
KOMPARASI ALGORITMA QUICKSORT DAN BUCKET SORT PENGURUTAN DATA INTEGER MENGGUNAKAN BAHASA C++;database dan sistim retrieval informasi
IMPLEMENTASI KRIPTOGRAFI VIGENERE CIPHER DENGAN PHP;algoritma dan struktur data
APLIKASI MENGAMANKAN EMAIL DENGAN MENGGUNAKAN METODE ALGORITMA KRIPTOGRAFI RC6 PADA PERCETAKAN LIBRADO;algoritma dan struktur data
Perancangan dan Analisis Redistribution Routing Protocol OSPF dan EIGRP;sistem operasi dan jaringan
Perancangan Aplikasi Denoise Citra Dengan Menerapkan New Daptive Based Median Filter;grafik
BASIS DATA TERDISTRIBUSI UNTUK DATA INVENTARIS BARANG;database dan sistim retrieval informasi
IMPLEMENTASI ALGORITMA KRIPTOGRAFI AES UNTUK ENKRIPSI DAN DEKRIPSI EMAIL;algoritma dan struktur data
Klasifikasi Citra Menggunakan Convolutional Neural Network (Cnn) pada Caltech 101;grafik
Penerapan Teknologi Virtualisasi Tingkat Sistem Operasi Pada Server Linux Ubuntu 8.04 Menggunakan OpenVZ;sistem operasi dan jaringan
PROTOTYPE MODEL KEAMANAN DATA MENGGUNAKANKRIPTOGRAFI DATA ENCRYPTION STANDAR(DES) DENGAN MODE OPERASICHIPER BLOCK CHAINING(CBC);algoritma dan struktur data
